Name,PD Notation (vector),Genus-4D,Splitting Number,Unlinking Number,Weak Splitting Number
L2a1{0},{{4; 1; 3; 2}; {2; 3; 1; 4}},0,1,1,1
L2a1{1},{{4; 2; 3; 1}; {2; 4; 1; 3}},0,1,1,1
L4a1{0},{{6; 1; 7; 2}; {8; 3; 5; 4}; {2; 5; 3; 6}; {4; 7; 1; 8}},0,2,2,2
L4a1{1},{{6; 2; 7; 1}; {8; 4; 5; 3}; {2; 8; 3; 7}; {4; 6; 1; 5}},1,2,2,2
L5a1{0},{{6; 1; 7; 2}; {10; 7; 5; 8}; {4; 5; 1; 6}; {2; 10; 3; 9}; {8; 4; 9; 3}},1,2,1,1
L5a1{1},{{8; 2; 9; 1}; {10; 7; 5; 8}; {4; 10; 1; 9}; {2; 5; 3; 6}; {6; 3; 7; 4}},1,2,1,1
L6a1{0},{{6; 1; 7; 2}; {10; 3; 11; 4}; {12; 8; 5; 7}; {8; 12; 9; 11}; {2; 5; 3; 6}; {4; 9; 1; 10}},1,2,2,2
L6a1{1},{{10; 2; 11; 1}; {6; 4; 7; 3}; {12; 10; 5; 9}; {8; 6; 9; 5}; {2; 12; 3; 11}; {4; 8; 1; 7}},1,2,2,2
L6a2{0},{{8; 1; 9; 2}; {12; 5; 7; 6}; {10; 3; 11; 4}; {4; 11; 5; 12}; {2; 7; 3; 8}; {6; 9; 1; 10}},1,3,3,3
L6a2{1},{{10; 2; 11; 1}; {12; 6; 7; 5}; {8; 4; 9; 3}; {4; 8; 5; 7}; {2; 12; 3; 11}; {6; 10; 1; 9}},1,3,3,3
L6a3{0},{{8; 1; 9; 2}; {2; 9; 3; 10}; {10; 3; 11; 4}; {12; 5; 7; 6}; {6; 7; 1; 8}; {4; 11; 5; 12}},2,3,3,3
L6a3{1},{{10; 2; 11; 1}; {2; 10; 3; 9}; {8; 4; 9; 3}; {12; 6; 7; 5}; {6; 12; 1; 11}; {4; 8; 5; 7}},0,3,3,3
L6a4{0;0},{{6; 1; 7; 2}; {12; 8; 9; 7}; {4; 12; 1; 11}; {10; 5; 11; 6}; {8; 4; 5; 3}; {2; 9; 3; 10}},1,2,2,2
L6a4{1;0},{{6; 2; 7; 1}; {12; 5; 9; 6}; {4; 12; 1; 11}; {10; 8; 11; 7}; {8; 3; 5; 4}; {2; 9; 3; 10}},1,2,2,2
L6a4{0;1},{{6; 1; 7; 2}; {12; 7; 9; 8}; {4; 9; 1; 10}; {10; 6; 11; 5}; {8; 4; 5; 3}; {2; 12; 3; 11}},1,2,2,2
L6a4{1;1},{{6; 2; 7; 1}; {12; 6; 9; 5}; {4; 9; 1; 10}; {10; 7; 11; 8}; {8; 3; 5; 4}; {2; 12; 3; 11}},1,2,2,2
L6a5{0;0},{{6; 1; 7; 2}; {10; 3; 11; 4}; {12; 7; 9; 8}; {8; 11; 5; 12}; {2; 5; 3; 6}; {4; 9; 1; 10}},0,3,3,3
L6a5{1;0},{{6; 2; 7; 1}; {10; 3; 11; 4}; {12; 6; 9; 5}; {8; 12; 5; 11}; {2; 8; 3; 7}; {4; 9; 1; 10}},[0;1],3,3,3
L6a5{0;1},{{6; 1; 7; 2}; {10; 4; 11; 3}; {12; 8; 9; 7}; {8; 10; 5; 9}; {2; 5; 3; 6}; {4; 12; 1; 11}},[0;1],3,3,3
L6a5{1;1},{{6; 2; 7; 1}; {10; 4; 11; 3}; {12; 5; 9; 6}; {8; 9; 5; 10}; {2; 8; 3; 7}; {4; 12; 1; 11}},[0;1],3,3,3
L6n1{0;0},{{6; 1; 7; 2}; {12; 8; 9; 7}; {4; 12; 1; 11}; {5; 11; 6; 10}; {3; 8; 4; 5}; {9; 3; 10; 2}},0,3,3,3
L6n1{1;0},{{6; 2; 7; 1}; {12; 5; 9; 6}; {4; 12; 1; 11}; {7; 10; 8; 11}; {3; 5; 4; 8}; {9; 3; 10; 2}},0,3,3,3
L6n1{0;1},{{6; 1; 7; 2}; {12; 7; 9; 8}; {4; 9; 1; 10}; {5; 10; 6; 11}; {3; 8; 4; 5}; {11; 2; 12; 3}},1,3,3,3
L6n1{1;1},{{6; 2; 7; 1}; {12; 6; 9; 5}; {4; 9; 1; 10}; {7; 11; 8; 10}; {3; 5; 4; 8}; {11; 2; 12; 3}},0,3,3,3
L7a1{0},{{6; 1; 7; 2}; {12; 7; 13; 8}; {4; 13; 1; 14}; {10; 6; 11; 5}; {8; 4; 9; 3}; {14; 10; 5; 9}; {2; 12; 3; 11}},1,2,2,1
L7a1{1},{{12; 2; 13; 1}; {6; 11; 7; 12}; {4; 6; 1; 5}; {8; 14; 9; 13}; {10; 3; 11; 4}; {14; 10; 5; 9}; {2; 7; 3; 8}},1,2,2,1
L7a2{0},{{6; 1; 7; 2}; {10; 3; 11; 4}; {14; 11; 5; 12}; {12; 7; 13; 8}; {8; 13; 9; 14}; {2; 5; 3; 6}; {4; 9; 1; 10}},1,2,3,2
L7a2{1},{{12; 2; 13; 1}; {8; 4; 9; 3}; {14; 7; 5; 8}; {6; 11; 7; 12}; {10; 5; 11; 6}; {2; 14; 3; 13}; {4; 10; 1; 9}},1,2,3,2
L7a3{0},{{6; 1; 7; 2}; {10; 4; 11; 3}; {12; 8; 13; 7}; {14; 10; 5; 9}; {8; 14; 9; 13}; {2; 5; 3; 6}; {4; 12; 1; 11}},1,2,2,2
L7a3{1},{{12; 2; 13; 1}; {8; 3; 9; 4}; {6; 12; 7; 11}; {14; 10; 5; 9}; {10; 6; 11; 5}; {2; 14; 3; 13}; {4; 7; 1; 8}},1,2,2,2
L7a4{0},{{6; 1; 7; 2}; {10; 4; 11; 3}; {14; 8; 5; 7}; {12; 10; 13; 9}; {8; 14; 9; 13}; {2; 5; 3; 6}; {4; 12; 1; 11}},0,2,2,2
L7a4{1},{{12; 2; 13; 1}; {8; 3; 9; 4}; {14; 12; 5; 11}; {6; 10; 7; 9}; {10; 6; 11; 5}; {2; 14; 3; 13}; {4; 7; 1; 8}},0,2,2,2
L7a5{0},{{8; 1; 9; 2}; {10; 3; 11; 4}; {12; 6; 13; 5}; {14; 11; 7; 12}; {4; 14; 5; 13}; {2; 7; 3; 8}; {6; 9; 1; 10}},0,1,1,1
L7a5{1},{{12; 2; 13; 1}; {10; 4; 11; 3}; {8; 5; 9; 6}; {14; 9; 7; 10}; {4; 7; 5; 8}; {2; 14; 3; 13}; {6; 12; 1; 11}},0,1,1,1
L7a6{0},{{8; 1; 9; 2}; {10; 4; 11; 3}; {14; 10; 7; 9}; {12; 6; 13; 5}; {2; 7; 3; 8}; {4; 12; 5; 11}; {6; 14; 1; 13}},1,3,2,2
L7a6{1},{{12; 2; 13; 1}; {10; 3; 11; 4}; {14; 12; 7; 11}; {8; 5; 9; 6}; {2; 14; 3; 13}; {4; 9; 5; 10}; {6; 7; 1; 8}},0,3,2,2
L7a7{0;0},{{6; 1; 7; 2}; {10; 3; 11; 4}; {14; 12; 9; 11}; {8; 14; 5; 13}; {12; 8; 13; 7}; {2; 5; 3; 6}; {4; 9; 1; 10}},[0;1],3,3,3
L7a7{1;0},{{6; 2; 7; 1}; {10; 3; 11; 4}; {14; 12; 9; 11}; {8; 13; 5; 14}; {12; 5; 13; 6}; {2; 8; 3; 7}; {4; 9; 1; 10}},[0;1],3,3,3
L7a7{0;1},{{6; 1; 7; 2}; {12; 4; 13; 3}; {14; 12; 9; 11}; {8; 9; 5; 10}; {10; 7; 11; 8}; {2; 5; 3; 6}; {4; 14; 1; 13}},[0;1],3,3,3
L7a7{1;1},{{6; 2; 7; 1}; {12; 4; 13; 3}; {14; 12; 9; 11}; {8; 10; 5; 9}; {10; 6; 11; 5}; {2; 8; 3; 7}; {4; 14; 1; 13}},1,3,3,3
L7n1{0},{{6; 1; 7; 2}; {12; 7; 13; 8}; {4; 13; 1; 14}; {5; 10; 6; 11}; {3; 8; 4; 9}; {9; 14; 10; 5}; {11; 2; 12; 3}},2,2,3,2
L7n1{1},{{12; 2; 13; 1}; {6; 11; 7; 12}; {4; 6; 1; 5}; {13; 8; 14; 9}; {3; 11; 4; 10}; {9; 14; 10; 5}; {7; 3; 8; 2}},0,2,3,2
L7n2{0},{{6; 1; 7; 2}; {12; 7; 13; 8}; {13; 1; 14; 4}; {5; 10; 6; 11}; {3; 8; 4; 9}; {9; 14; 10; 5}; {2; 12; 3; 11}},0,2,1,1
L7n2{1},{{12; 2; 13; 1}; {6; 11; 7; 12}; {5; 4; 6; 1}; {13; 8; 14; 9}; {3; 11; 4; 10}; {9; 14; 10; 5}; {2; 7; 3; 8}},0,2,1,1
L8a1{0},{{6; 1; 7; 2}; {14; 7; 15; 8}; {4; 15; 1; 16}; {12; 10; 13; 9}; {8; 4; 9; 3}; {10; 5; 11; 6}; {16; 11; 5; 12}; {2; 14; 3; 13}},1,2,2,1
L8a1{1},{{14; 2; 15; 1}; {6; 13; 7; 14}; {4; 6; 1; 5}; {8; 12; 9; 11}; {12; 3; 13; 4}; {10; 15; 11; 16}; {16; 9; 5; 10}; {2; 7; 3; 8}},1,2,2,1
L8a2{0},{{6; 1; 7; 2}; {10; 4; 11; 3}; {12; 8; 13; 7}; {16; 14; 5; 13}; {14; 9; 15; 10}; {8; 15; 9; 16}; {2; 5; 3; 6}; {4; 12; 1; 11}},1,2,1,1
L8a2{1},{{14; 2; 15; 1}; {10; 3; 11; 4}; {8; 14; 9; 13}; {16; 8; 5; 7}; {6; 11; 7; 12}; {12; 5; 13; 6}; {2; 16; 3; 15}; {4; 9; 1; 10}},1,2,1,1
L8a3{0},{{6; 1; 7; 2}; {10; 3; 11; 4}; {14; 8; 15; 7}; {16; 11; 5; 12}; {12; 15; 13; 16}; {8; 14; 9; 13}; {2; 5; 3; 6}; {4; 9; 1; 10}},0,2,3,2
L8a3{1},{{14; 2; 15; 1}; {10; 4; 11; 3}; {6; 14; 7; 13}; {16; 9; 5; 10}; {8; 5; 9; 6}; {12; 8; 13; 7}; {2; 16; 3; 15}; {4; 12; 1; 11}},1,2,3,2
L8a4{0},{{6; 1; 7; 2}; {10; 4; 11; 3}; {12; 10; 13; 9}; {16; 13; 5; 14}; {14; 7; 15; 8}; {8; 15; 9; 16}; {2; 5; 3; 6}; {4; 12; 1; 11}},1,2,1,1
L8a4{1},{{14; 2; 15; 1}; {10; 3; 11; 4}; {8; 12; 9; 11}; {16; 7; 5; 8}; {6; 13; 7; 14}; {12; 5; 13; 6}; {2; 16; 3; 15}; {4; 9; 1; 10}},1,2,1,1
L8a5{0},{{6; 1; 7; 2}; {12; 3; 13; 4}; {14; 8; 15; 7}; {16; 10; 5; 9}; {8; 16; 9; 15}; {10; 14; 11; 13}; {2; 5; 3; 6}; {4; 11; 1; 12}},1,2,3,2
L8a5{1},{{14; 2; 15; 1}; {8; 4; 9; 3}; {6; 14; 7; 13}; {16; 12; 5; 11}; {12; 6; 13; 5}; {10; 8; 11; 7}; {2; 16; 3; 15}; {4; 10; 1; 9}},2,2,3,2
L8a6{0},{{6; 1; 7; 2}; {12; 3; 13; 4}; {16; 8; 5; 7}; {14; 10; 15; 9}; {10; 14; 11; 13}; {8; 16; 9; 15}; {2; 5; 3; 6}; {4; 11; 1; 12}},0,2,2,2
L8a6{1},{{14; 2; 15; 1}; {8; 4; 9; 3}; {16; 14; 5; 13}; {6; 12; 7; 11}; {10; 8; 11; 7}; {12; 6; 13; 5}; {2; 16; 3; 15}; {4; 10; 1; 9}},1,2,2,2
L8a7{0},{{6; 1; 7; 2}; {14; 7; 15; 8}; {4; 15; 1; 16}; {10; 5; 11; 6}; {12; 3; 13; 4}; {16; 11; 5; 12}; {2; 9; 3; 10}; {8; 13; 9; 14}},1,2,3,2
L8a7{1},{{14; 2; 15; 1}; {6; 13; 7; 14}; {4; 6; 1; 5}; {10; 15; 11; 16}; {8; 4; 9; 3}; {16; 9; 5; 10}; {2; 12; 3; 11}; {12; 7; 13; 8}},1,2,3,2
L8a8{0},{{8; 1; 9; 2}; {10; 4; 11; 3}; {16; 10; 7; 9}; {2; 7; 3; 8}; {14; 12; 15; 11}; {12; 5; 13; 6}; {4; 13; 5; 14}; {6; 16; 1; 15}},0,3,2,2
L8a8{1},{{14; 2; 15; 1}; {12; 3; 13; 4}; {16; 14; 7; 13}; {2; 16; 3; 15}; {8; 12; 9; 11}; {10; 6; 11; 5}; {4; 10; 5; 9}; {6; 7; 1; 8}},1,3,2,2
L8a9{0},{{8; 1; 9; 2}; {10; 4; 11; 3}; {16; 10; 7; 9}; {2; 7; 3; 8}; {4; 16; 5; 15}; {12; 5; 13; 6}; {14; 11; 15; 12}; {6; 13; 1; 14}},0,3,2,2
L8a9{1},{{14; 2; 15; 1}; {12; 3; 13; 4}; {16; 14; 7; 13}; {2; 16; 3; 15}; {4; 7; 5; 8}; {10; 6; 11; 5}; {8; 11; 9; 12}; {6; 10; 1; 9}},0,3,2,2
L8a10{0},{{8; 1; 9; 2}; {10; 3; 11; 4}; {12; 15; 13; 16}; {14; 5; 15; 6}; {4; 13; 5; 14}; {16; 11; 7; 12}; {2; 7; 3; 8}; {6; 9; 1; 10}},1,3,3,3
L8a10{1},{{14; 2; 15; 1}; {12; 4; 13; 3}; {10; 7; 11; 8}; {8; 6; 9; 5}; {4; 10; 5; 9}; {16; 11; 7; 12}; {2; 16; 3; 15}; {6; 14; 1; 13}},1,3,3,3
L8a11{0},{{8; 1; 9; 2}; {2; 9; 3; 10}; {10; 3; 11; 4}; {14; 5; 15; 6}; {16; 11; 7; 12}; {12; 15; 13; 16}; {6; 7; 1; 8}; {4; 13; 5; 14}},2,3,3,3
L8a11{1},{{14; 2; 15; 1}; {2; 14; 3; 13}; {12; 4; 13; 3}; {8; 6; 9; 5}; {16; 11; 7; 12}; {10; 7; 11; 8}; {6; 16; 1; 15}; {4; 10; 5; 9}},0,3,3,3
L8a12{0},{{10; 1; 11; 2}; {16; 7; 9; 8}; {12; 3; 13; 4}; {14; 5; 15; 6}; {4; 13; 5; 14}; {6; 15; 7; 16}; {2; 9; 3; 10}; {8; 11; 1; 12}},2,4,4,4
L8a12{1},{{14; 2; 15; 1}; {16; 8; 9; 7}; {12; 4; 13; 3}; {10; 6; 11; 5}; {4; 12; 5; 11}; {6; 10; 7; 9}; {2; 16; 3; 15}; {8; 14; 1; 13}},1,4,4,4
L8a13{0},{{10; 1; 11; 2}; {16; 7; 9; 8}; {12; 3; 13; 4}; {6; 13; 7; 14}; {14; 5; 15; 6}; {4; 15; 5; 16}; {2; 9; 3; 10}; {8; 11; 1; 12}},1,4,4,4
L8a13{1},{{14; 2; 15; 1}; {16; 8; 9; 7}; {12; 4; 13; 3}; {6; 12; 7; 11}; {10; 6; 11; 5}; {4; 10; 5; 9}; {2; 16; 3; 15}; {8; 14; 1; 13}},2,4,4,4
L8a14{0},{{10; 1; 11; 2}; {2; 11; 3; 12}; {12; 3; 13; 4}; {14; 5; 15; 6}; {16; 7; 9; 8}; {8; 9; 1; 10}; {4; 13; 5; 14}; {6; 15; 7; 16}},3,4,4,4
L8a14{1},{{14; 2; 15; 1}; {2; 14; 3; 13}; {12; 4; 13; 3}; {10; 6; 11; 5}; {16; 8; 9; 7}; {8; 16; 1; 15}; {4; 12; 5; 11}; {6; 10; 7; 9}},0,4,4,4
L8a15{0;0},{{6; 1; 7; 2}; {10; 3; 11; 4}; {14; 7; 15; 8}; {8; 13; 5; 14}; {16; 12; 9; 11}; {12; 16; 13; 15}; {2; 5; 3; 6}; {4; 9; 1; 10}},1,3,3,3
L8a15{1;0},{{6; 2; 7; 1}; {10; 3; 11; 4}; {14; 6; 15; 5}; {8; 14; 5; 13}; {16; 12; 9; 11}; {12; 16; 13; 15}; {2; 8; 3; 7}; {4; 9; 1; 10}},0,3,3,3
L8a15{0;1},{{6; 1; 7; 2}; {14; 4; 15; 3}; {10; 8; 11; 7}; {8; 12; 5; 11}; {16; 14; 9; 13}; {12; 10; 13; 9}; {2; 5; 3; 6}; {4; 16; 1; 15}},0,3,3,3
L8a15{1;1},{{6; 2; 7; 1}; {14; 4; 15; 3}; {10; 5; 11; 6}; {8; 11; 5; 12}; {16; 14; 9; 13}; {12; 10; 13; 9}; {2; 8; 3; 7}; {4; 16; 1; 15}},0,3,3,3
L8a16{0;0},{{6; 1; 7; 2}; {12; 6; 13; 5}; {8; 4; 9; 3}; {2; 14; 3; 13}; {14; 7; 15; 8}; {16; 10; 11; 9}; {10; 12; 5; 11}; {4; 15; 1; 16}},0,3,3,3
L8a16{1;0},{{8; 2; 9; 1}; {12; 9; 13; 10}; {6; 3; 7; 4}; {2; 14; 3; 13}; {14; 8; 15; 7}; {16; 5; 11; 6}; {10; 11; 5; 12}; {4; 15; 1; 16}},0,3,3,3
L8a16{0;1},{{6; 1; 7; 2}; {14; 5; 15; 6}; {8; 4; 9; 3}; {2; 13; 3; 14}; {12; 8; 13; 7}; {16; 9; 11; 10}; {10; 15; 5; 16}; {4; 12; 1; 11}},0,3,3,3
L8a16{1;1},{{8; 2; 9; 1}; {14; 10; 15; 9}; {6; 3; 7; 4}; {2; 13; 3; 14}; {12; 7; 13; 8}; {16; 6; 11; 5}; {10; 16; 5; 15}; {4; 12; 1; 11}},0,3,3,3
L8a17{0;0},{{6; 1; 7; 2}; {12; 3; 13; 4}; {10; 13; 5; 14}; {8; 15; 9; 16}; {14; 7; 15; 8}; {16; 9; 11; 10}; {2; 5; 3; 6}; {4; 11; 1; 12}},1,4,4,4
L8a17{1;0},{{8; 2; 9; 1}; {12; 3; 13; 4}; {10; 14; 5; 13}; {6; 16; 7; 15}; {14; 8; 15; 7}; {16; 6; 11; 5}; {2; 10; 3; 9}; {4; 11; 1; 12}},0,4,4,4
L8a17{0;1},{{6; 1; 7; 2}; {14; 4; 15; 3}; {10; 14; 5; 13}; {8; 12; 9; 11}; {12; 8; 13; 7}; {16; 10; 11; 9}; {2; 5; 3; 6}; {4; 16; 1; 15}},0,4,4,4
L8a17{1;1},{{8; 2; 9; 1}; {14; 4; 15; 3}; {10; 13; 5; 14}; {6; 11; 7; 12}; {12; 7; 13; 8}; {16; 5; 11; 6}; {2; 10; 3; 9}; {4; 16; 1; 15}},0,4,4,4
L8a18{0;0},{{6; 1; 7; 2}; {12; 4; 13; 3}; {8; 16; 9; 15}; {14; 8; 15; 7}; {16; 10; 11; 9}; {10; 12; 5; 11}; {2; 5; 3; 6}; {4; 14; 1; 13}},1,4,4,4
L8a18{1;0},{{8; 2; 9; 1}; {12; 4; 13; 3}; {6; 15; 7; 16}; {14; 7; 15; 8}; {16; 5; 11; 6}; {10; 11; 5; 12}; {2; 10; 3; 9}; {4; 14; 1; 13}},0,4,4,4
L8a18{0;1},{{6; 1; 7; 2}; {14; 3; 15; 4}; {8; 11; 9; 12}; {12; 7; 13; 8}; {16; 9; 11; 10}; {10; 15; 5; 16}; {2; 5; 3; 6}; {4; 13; 1; 14}},0,4,4,4
L8a18{1;1},{{8; 2; 9; 1}; {14; 3; 15; 4}; {6; 12; 7; 11}; {12; 8; 13; 7}; {16; 6; 11; 5}; {10; 16; 5; 15}; {2; 10; 3; 9}; {4; 13; 1; 14}},1,4,4,4
L8a19{0;0},{{6; 1; 7; 2}; {12; 4; 13; 3}; {14; 5; 15; 6}; {8; 12; 9; 11}; {16; 8; 11; 7}; {10; 13; 5; 14}; {2; 9; 3; 10}; {4; 16; 1; 15}},0,2,2,2
L8a19{1;0},{{8; 2; 9; 1}; {12; 4; 13; 3}; {14; 10; 15; 9}; {6; 11; 7; 12}; {16; 7; 11; 8}; {10; 14; 5; 13}; {2; 6; 3; 5}; {4; 16; 1; 15}},0,2,2,2
L8a19{0;1},{{6; 1; 7; 2}; {14; 3; 15; 4}; {12; 6; 13; 5}; {8; 15; 9; 16}; {16; 7; 11; 8}; {10; 14; 5; 13}; {2; 9; 3; 10}; {4; 11; 1; 12}},0,2,2,2
L8a19{1;1},{{8; 2; 9; 1}; {14; 3; 15; 4}; {12; 9; 13; 10}; {6; 16; 7; 15}; {16; 8; 11; 7}; {10; 13; 5; 14}; {2; 6; 3; 5}; {4; 11; 1; 12}},0,2,2,2
L8a20{0;0},{{6; 1; 7; 2}; {10; 3; 11; 4}; {16; 12; 13; 11}; {14; 8; 15; 7}; {8; 14; 9; 13}; {12; 16; 5; 15}; {2; 5; 3; 6}; {4; 9; 1; 10}},1,4,4,4
L8a20{1;0},{{10; 2; 11; 1}; {6; 4; 7; 3}; {16; 5; 13; 6}; {14; 9; 15; 10}; {8; 13; 9; 14}; {12; 15; 5; 16}; {2; 12; 3; 11}; {4; 8; 1; 7}},1,4,4,4
L8a20{0;1},{{6; 1; 7; 2}; {10; 3; 11; 4}; {16; 11; 13; 12}; {14; 7; 15; 8}; {8; 15; 9; 16}; {12; 13; 5; 14}; {2; 5; 3; 6}; {4; 9; 1; 10}},1,4,4,4
L8a20{1;1},{{10; 2; 11; 1}; {6; 4; 7; 3}; {16; 6; 13; 5}; {14; 10; 15; 9}; {8; 16; 9; 15}; {12; 14; 5; 13}; {2; 12; 3; 11}; {4; 8; 1; 7}},1,4,4,4
L8a21{0;0;0},{{6; 1; 7; 2}; {2; 5; 3; 6}; {16; 11; 13; 12}; {10; 3; 11; 4}; {4; 9; 1; 10}; {14; 7; 15; 8}; {8; 13; 5; 14}; {12; 15; 9; 16}},0,4,4,4
L8a21{1;0;0},{{6; 2; 7; 1}; {2; 8; 3; 7}; {16; 11; 13; 12}; {10; 3; 11; 4}; {4; 9; 1; 10}; {14; 6; 15; 5}; {8; 14; 5; 13}; {12; 15; 9; 16}},[0;1],4,4,4
L8a21{0;1;0},{{6; 1; 7; 2}; {2; 5; 3; 6}; {16; 10; 13; 9}; {10; 4; 11; 3}; {4; 12; 1; 11}; {14; 7; 15; 8}; {8; 13; 5; 14}; {12; 16; 9; 15}},[0;1],4,4,4
L8a21{1;1;0},{{6; 2; 7; 1}; {2; 8; 3; 7}; {16; 10; 13; 9}; {10; 4; 11; 3}; {4; 12; 1; 11}; {14; 6; 15; 5}; {8; 14; 5; 13}; {12; 16; 9; 15}},1,4,4,4
L8a21{0;0;1},{{6; 1; 7; 2}; {2; 5; 3; 6}; {16; 12; 13; 11}; {10; 3; 11; 4}; {4; 9; 1; 10}; {14; 8; 15; 7}; {8; 16; 5; 15}; {12; 14; 9; 13}},[0;1],4,4,4
L8a21{1;0;1},{{6; 2; 7; 1}; {2; 8; 3; 7}; {16; 12; 13; 11}; {10; 3; 11; 4}; {4; 9; 1; 10}; {14; 5; 15; 6}; {8; 15; 5; 16}; {12; 14; 9; 13}},[0;1],4,4,4
L8a21{0;1;1},{{6; 1; 7; 2}; {2; 5; 3; 6}; {16; 9; 13; 10}; {10; 4; 11; 3}; {4; 12; 1; 11}; {14; 8; 15; 7}; {8; 16; 5; 15}; {12; 13; 9; 14}},[0;1],4,4,4
L8a21{1;1;1},{{6; 2; 7; 1}; {2; 8; 3; 7}; {16; 9; 13; 10}; {10; 4; 11; 3}; {4; 12; 1; 11}; {14; 5; 15; 6}; {8; 15; 5; 16}; {12; 13; 9; 14}},[0;1],4,4,4
L8n1{0},{{6; 1; 7; 2}; {14; 7; 15; 8}; {4; 15; 1; 16}; {9; 12; 10; 13}; {3; 8; 4; 9}; {5; 11; 6; 10}; {11; 5; 12; 16}; {13; 2; 14; 3}},1,2,3,2
L8n1{1},{{14; 2; 15; 1}; {6; 13; 7; 14}; {4; 6; 1; 5}; {11; 8; 12; 9}; {3; 13; 4; 12}; {15; 11; 16; 10}; {9; 5; 10; 16}; {7; 3; 8; 2}},0,2,3,2
L8n2{0},{{6; 1; 7; 2}; {14; 7; 15; 8}; {15; 1; 16; 4}; {9; 12; 10; 13}; {3; 8; 4; 9}; {5; 11; 6; 10}; {11; 5; 12; 16}; {2; 14; 3; 13}},0,2,1,1
L8n2{1},{{14; 2; 15; 1}; {6; 13; 7; 14}; {5; 4; 6; 1}; {11; 8; 12; 9}; {3; 13; 4; 12}; {15; 11; 16; 10}; {9; 5; 10; 16}; {2; 7; 3; 8}},0,2,1,1
L8n3{0;0},{{6; 1; 7; 2}; {5; 12; 6; 13}; {3; 8; 4; 9}; {13; 2; 14; 3}; {14; 7; 15; 8}; {9; 16; 10; 11}; {11; 10; 12; 5}; {4; 15; 1; 16}},2,4,4,4
L8n3{1;0},{{8; 2; 9; 1}; {9; 13; 10; 12}; {3; 7; 4; 6}; {13; 2; 14; 3}; {14; 8; 15; 7}; {5; 11; 6; 16}; {11; 5; 12; 10}; {4; 15; 1; 16}},0,4,4,4
L8n3{0;1},{{6; 1; 7; 2}; {5; 15; 6; 14}; {3; 8; 4; 9}; {13; 3; 14; 2}; {12; 8; 13; 7}; {9; 11; 10; 16}; {15; 5; 16; 10}; {4; 12; 1; 11}},0,4,4,4
L8n3{1;1},{{8; 2; 9; 1}; {9; 14; 10; 15}; {3; 7; 4; 6}; {13; 3; 14; 2}; {12; 7; 13; 8}; {5; 16; 6; 11}; {15; 10; 16; 5}; {4; 12; 1; 11}},0,4,4,4
L8n4{0;0},{{6; 1; 7; 2}; {5; 12; 6; 13}; {3; 8; 4; 9}; {2; 14; 3; 13}; {14; 7; 15; 8}; {9; 16; 10; 11}; {11; 10; 12; 5}; {15; 1; 16; 4}},0,4,4,4
L8n4{1;0},{{8; 2; 9; 1}; {9; 13; 10; 12}; {3; 7; 4; 6}; {2; 14; 3; 13}; {14; 8; 15; 7}; {5; 11; 6; 16}; {11; 5; 12; 10}; {15; 1; 16; 4}},1,4,4,4
L8n4{0;1},{{6; 1; 7; 2}; {5; 15; 6; 14}; {3; 8; 4; 9}; {2; 13; 3; 14}; {12; 8; 13; 7}; {9; 11; 10; 16}; {15; 5; 16; 10}; {11; 4; 12; 1}},0,4,4,4
L8n4{1;1},{{8; 2; 9; 1}; {9; 14; 10; 15}; {3; 7; 4; 6}; {2; 13; 3; 14}; {12; 7; 13; 8}; {5; 16; 6; 11}; {15; 10; 16; 5}; {11; 4; 12; 1}},0,4,4,4
L8n5{0;0},{{6; 1; 7; 2}; {5; 12; 6; 13}; {8; 4; 9; 3}; {2; 14; 3; 13}; {14; 7; 15; 8}; {9; 16; 10; 11}; {11; 10; 12; 5}; {4; 15; 1; 16}},0,2,2,2
L8n5{1;0},{{8; 2; 9; 1}; {9; 13; 10; 12}; {6; 3; 7; 4}; {2; 14; 3; 13}; {14; 8; 15; 7}; {5; 11; 6; 16}; {11; 5; 12; 10}; {4; 15; 1; 16}},1,2,2,2
L8n5{0;1},{{6; 1; 7; 2}; {5; 15; 6; 14}; {8; 4; 9; 3}; {2; 13; 3; 14}; {12; 8; 13; 7}; {9; 11; 10; 16}; {15; 5; 16; 10}; {4; 12; 1; 11}},1,2,2,2
L8n5{1;1},{{8; 2; 9; 1}; {9; 14; 10; 15}; {6; 3; 7; 4}; {2; 13; 3; 14}; {12; 7; 13; 8}; {5; 16; 6; 11}; {15; 10; 16; 5}; {4; 12; 1; 11}},0,2,2,2
L8n6{0;0},{{6; 1; 7; 2}; {10; 3; 11; 4}; {11; 16; 12; 13}; {7; 14; 8; 15}; {13; 8; 14; 9}; {15; 12; 16; 5}; {2; 5; 3; 6}; {4; 9; 1; 10}},1,4,4,4
L8n6{1;0},{{10; 2; 11; 1}; {6; 4; 7; 3}; {5; 13; 6; 16}; {9; 15; 10; 14}; {13; 9; 14; 8}; {15; 5; 16; 12}; {2; 12; 3; 11}; {4; 8; 1; 7}},2,4,4,4
L8n6{0;1},{{6; 1; 7; 2}; {10; 3; 11; 4}; {11; 13; 12; 16}; {7; 15; 8; 14}; {15; 9; 16; 8}; {13; 5; 14; 12}; {2; 5; 3; 6}; {4; 9; 1; 10}},0,4,4,4
L8n6{1;1},{{10; 2; 11; 1}; {6; 4; 7; 3}; {5; 16; 6; 13}; {9; 14; 10; 15}; {15; 8; 16; 9}; {13; 12; 14; 5}; {2; 12; 3; 11}; {4; 8; 1; 7}},0,4,4,4
L8n7{0;0;0},{{6; 1; 7; 2}; {2; 5; 3; 6}; {11; 13; 12; 16}; {3; 11; 4; 10}; {9; 1; 10; 4}; {7; 15; 8; 14}; {13; 5; 14; 8}; {15; 9; 16; 12}},0,4,4,4
L8n7{1;0;0},{{6; 2; 7; 1}; {2; 8; 3; 7}; {11; 13; 12; 16}; {3; 11; 4; 10}; {9; 1; 10; 4}; {5; 14; 6; 15}; {13; 8; 14; 5}; {15; 9; 16; 12}},0,4,4,4
L8n7{0;1;0},{{6; 1; 7; 2}; {2; 5; 3; 6}; {9; 16; 10; 13}; {3; 10; 4; 11}; {11; 4; 12; 1}; {7; 15; 8; 14}; {13; 5; 14; 8}; {15; 12; 16; 9}},[0;1],4,4,4
L8n7{1;1;0},{{6; 2; 7; 1}; {2; 8; 3; 7}; {9; 16; 10; 13}; {3; 10; 4; 11}; {11; 4; 12; 1}; {5; 14; 6; 15}; {13; 8; 14; 5}; {15; 12; 16; 9}},[0;1],4,4,4
L8n7{0;0;1},{{6; 1; 7; 2}; {2; 5; 3; 6}; {11; 16; 12; 13}; {3; 11; 4; 10}; {9; 1; 10; 4}; {7; 14; 8; 15}; {15; 8; 16; 5}; {13; 12; 14; 9}},[0;1],4,4,4
L8n7{1;0;1},{{6; 2; 7; 1}; {2; 8; 3; 7}; {11; 16; 12; 13}; {3; 11; 4; 10}; {9; 1; 10; 4}; {5; 15; 6; 14}; {15; 5; 16; 8}; {13; 12; 14; 9}},0,4,4,4
L8n7{0;1;1},{{6; 1; 7; 2}; {2; 5; 3; 6}; {9; 13; 10; 16}; {3; 10; 4; 11}; {11; 4; 12; 1}; {7; 14; 8; 15}; {15; 8; 16; 5}; {13; 9; 14; 12}},[0;1],4,4,4
L8n7{1;1;1},{{6; 2; 7; 1}; {2; 8; 3; 7}; {9; 13; 10; 16}; {3; 10; 4; 11}; {11; 4; 12; 1}; {5; 15; 6; 14}; {15; 5; 16; 8}; {13; 9; 14; 12}},0,4,4,4
L8n8{0;0;0},{{6; 1; 7; 2}; {2; 5; 3; 6}; {16; 11; 13; 12}; {3; 11; 4; 10}; {9; 1; 10; 4}; {7; 15; 8; 14}; {13; 5; 14; 8}; {12; 15; 9; 16}},0,4,4,4
L8n8{1;0;0},{{6; 2; 7; 1}; {2; 8; 3; 7}; {16; 11; 13; 12}; {3; 11; 4; 10}; {9; 1; 10; 4}; {5; 14; 6; 15}; {13; 8; 14; 5}; {12; 15; 9; 16}},0,4,4,4
L8n8{0;1;0},{{6; 1; 7; 2}; {2; 5; 3; 6}; {16; 10; 13; 9}; {3; 10; 4; 11}; {11; 4; 12; 1}; {7; 15; 8; 14}; {13; 5; 14; 8}; {12; 16; 9; 15}},0,4,4,4
L8n8{1;1;0},{{6; 2; 7; 1}; {2; 8; 3; 7}; {16; 10; 13; 9}; {3; 10; 4; 11}; {11; 4; 12; 1}; {5; 14; 6; 15}; {13; 8; 14; 5}; {12; 16; 9; 15}},0,4,4,4
L8n8{0;0;1},{{6; 1; 7; 2}; {2; 5; 3; 6}; {16; 12; 13; 11}; {3; 11; 4; 10}; {9; 1; 10; 4}; {7; 14; 8; 15}; {15; 8; 16; 5}; {12; 14; 9; 13}},0,4,4,4
L8n8{1;0;1},{{6; 2; 7; 1}; {2; 8; 3; 7}; {16; 12; 13; 11}; {3; 11; 4; 10}; {9; 1; 10; 4}; {5; 15; 6; 14}; {15; 5; 16; 8}; {12; 14; 9; 13}},1,4,4,4
L8n8{0;1;1},{{6; 1; 7; 2}; {2; 5; 3; 6}; {16; 9; 13; 10}; {3; 10; 4; 11}; {11; 4; 12; 1}; {7; 14; 8; 15}; {15; 8; 16; 5}; {12; 13; 9; 14}},1,4,4,4
L8n8{1;1;1},{{6; 2; 7; 1}; {2; 8; 3; 7}; {16; 9; 13; 10}; {3; 10; 4; 11}; {11; 4; 12; 1}; {5; 15; 6; 14}; {15; 5; 16; 8}; {12; 13; 9; 14}},0,4,4,4
L9a1{0},{{6; 1; 7; 2}; {14; 7; 15; 8}; {4; 15; 1; 16}; {10; 6; 11; 5}; {8; 4; 9; 3}; {18; 12; 5; 11}; {12; 18; 13; 17}; {16; 10; 17; 9}; {2; 14; 3; 13}},1,2,2,1
L9a1{1},{{16; 2; 17; 1}; {8; 15; 9; 16}; {4; 8; 1; 7}; {12; 18; 13; 17}; {14; 3; 15; 4}; {18; 12; 5; 11}; {10; 6; 11; 5}; {6; 14; 7; 13}; {2; 9; 3; 10}},1,2,2,1
L9a2{0},{{6; 1; 7; 2}; {14; 7; 15; 8}; {4; 15; 1; 16}; {12; 6; 13; 5}; {8; 4; 9; 3}; {16; 10; 17; 9}; {18; 12; 5; 11}; {10; 18; 11; 17}; {2; 14; 3; 13}},1,2,3,1
L9a2{1},{{16; 2; 17; 1}; {8; 15; 9; 16}; {4; 8; 1; 7}; {10; 18; 11; 17}; {14; 3; 15; 4}; {6; 14; 7; 13}; {18; 12; 5; 11}; {12; 6; 13; 5}; {2; 9; 3; 10}},1,2,3,1
L9a3{0},{{6; 1; 7; 2}; {16; 7; 17; 8}; {4; 17; 1; 18}; {12; 6; 13; 5}; {8; 4; 9; 3}; {14; 10; 15; 9}; {10; 14; 11; 13}; {18; 12; 5; 11}; {2; 16; 3; 15}},0,2,2,1
L9a3{1},{{16; 2; 17; 1}; {6; 15; 7; 16}; {4; 6; 1; 5}; {10; 18; 11; 17}; {14; 3; 15; 4}; {8; 14; 9; 13}; {12; 10; 13; 9}; {18; 12; 5; 11}; {2; 7; 3; 8}},0,2,2,1
L9a4{0},{{6; 1; 7; 2}; {10; 4; 11; 3}; {12; 8; 13; 7}; {16; 10; 17; 9}; {18; 14; 5; 13}; {14; 18; 15; 17}; {8; 16; 9; 15}; {2; 5; 3; 6}; {4; 12; 1; 11}},1,2,2,2
L9a4{1},{{16; 2; 17; 1}; {12; 3; 13; 4}; {10; 16; 11; 15}; {6; 14; 7; 13}; {18; 10; 5; 9}; {8; 6; 9; 5}; {14; 8; 15; 7}; {2; 18; 3; 17}; {4; 11; 1; 12}},1,2,2,2
L9a5{0},{{6; 1; 7; 2}; {10; 3; 11; 4}; {14; 8; 15; 7}; {18; 16; 5; 15}; {16; 12; 17; 11}; {12; 18; 13; 17}; {8; 14; 9; 13}; {2; 5; 3; 6}; {4; 9; 1; 10}},1,2,3,2
L9a5{1},{{16; 2; 17; 1}; {12; 4; 13; 3}; {8; 16; 9; 15}; {18; 8; 5; 7}; {6; 12; 7; 11}; {10; 6; 11; 5}; {14; 10; 15; 9}; {2; 18; 3; 17}; {4; 14; 1; 13}},2,2,3,2
L9a6{0},{{6; 1; 7; 2}; {10; 3; 11; 4}; {16; 11; 17; 12}; {14; 7; 15; 8}; {8; 15; 9; 16}; {18; 13; 5; 14}; {12; 17; 13; 18}; {2; 5; 3; 6}; {4; 9; 1; 10}},2,2,4,2
L9a6{1},{{16; 2; 17; 1}; {12; 4; 13; 3}; {6; 11; 7; 12}; {8; 15; 9; 16}; {14; 7; 15; 8}; {18; 9; 5; 10}; {10; 5; 11; 6}; {2; 18; 3; 17}; {4; 14; 1; 13}},1,2,4,2
L9a7{0},{{6; 1; 7; 2}; {10; 3; 11; 4}; {16; 13; 17; 14}; {14; 7; 15; 8}; {8; 15; 9; 16}; {18; 11; 5; 12}; {12; 17; 13; 18}; {2; 5; 3; 6}; {4; 9; 1; 10}},1,2,3,2
L9a7{1},{{16; 2; 17; 1}; {12; 4; 13; 3}; {6; 9; 7; 10}; {8; 15; 9; 16}; {14; 7; 15; 8}; {18; 11; 5; 12}; {10; 5; 11; 6}; {2; 18; 3; 17}; {4; 14; 1; 13}},0,2,3,2
L9a8{0},{{6; 1; 7; 2}; {10; 4; 11; 3}; {16; 8; 17; 7}; {18; 13; 5; 14}; {14; 17; 15; 18}; {12; 10; 13; 9}; {8; 16; 9; 15}; {2; 5; 3; 6}; {4; 12; 1; 11}},1,2,2,2
L9a8{1},{{16; 2; 17; 1}; {12; 3; 13; 4}; {6; 16; 7; 15}; {18; 9; 5; 10}; {8; 5; 9; 6}; {10; 14; 11; 13}; {14; 8; 15; 7}; {2; 18; 3; 17}; {4; 11; 1; 12}},1,2,2,2
L9a9{0},{{6; 1; 7; 2}; {14; 7; 15; 8}; {16; 9; 17; 10}; {8; 15; 9; 16}; {4; 17; 1; 18}; {12; 6; 13; 5}; {10; 4; 11; 3}; {18; 12; 5; 11}; {2; 14; 3; 13}},0,2,2,2
L9a9{1},{{16; 2; 17; 1}; {8; 15; 9; 16}; {6; 13; 7; 14}; {14; 7; 15; 8}; {4; 6; 1; 5}; {10; 18; 11; 17}; {12; 3; 13; 4}; {18; 12; 5; 11}; {2; 9; 3; 10}},0,2,2,2
L9a10{0},{{6; 1; 7; 2}; {16; 7; 17; 8}; {4; 17; 1; 18}; {12; 6; 13; 5}; {10; 4; 11; 3}; {18; 12; 5; 11}; {14; 9; 15; 10}; {2; 14; 3; 13}; {8; 15; 9; 16}},1,2,3,2
L9a10{1},{{16; 2; 17; 1}; {6; 15; 7; 16}; {4; 6; 1; 5}; {10; 18; 11; 17}; {12; 3; 13; 4}; {18; 12; 5; 11}; {8; 13; 9; 14}; {2; 9; 3; 10}; {14; 7; 15; 8}},1,2,3,2
L9a11{0},{{6; 1; 7; 2}; {12; 3; 13; 4}; {14; 8; 15; 7}; {18; 16; 5; 15}; {16; 9; 17; 10}; {8; 17; 9; 18}; {10; 14; 11; 13}; {2; 5; 3; 6}; {4; 11; 1; 12}},1,2,3,2
L9a11{1},{{16; 2; 17; 1}; {10; 4; 11; 3}; {8; 16; 9; 15}; {18; 8; 5; 7}; {6; 13; 7; 14}; {14; 5; 15; 6}; {12; 10; 13; 9}; {2; 18; 3; 17}; {4; 12; 1; 11}},1,2,3,2
L9a12{0},{{6; 1; 7; 2}; {12; 3; 13; 4}; {18; 13; 5; 14}; {14; 7; 15; 8}; {16; 9; 17; 10}; {8; 15; 9; 16}; {10; 17; 11; 18}; {2; 5; 3; 6}; {4; 11; 1; 12}},2,2,4,2
L9a12{1},{{16; 2; 17; 1}; {10; 4; 11; 3}; {18; 9; 5; 10}; {8; 15; 9; 16}; {6; 13; 7; 14}; {14; 7; 15; 8}; {12; 5; 13; 6}; {2; 18; 3; 17}; {4; 12; 1; 11}},0,2,4,2
L9a13{0},{{6; 1; 7; 2}; {12; 3; 13; 4}; {18; 13; 5; 14}; {14; 7; 15; 8}; {8; 17; 9; 18}; {16; 9; 17; 10}; {10; 15; 11; 16}; {2; 5; 3; 6}; {4; 11; 1; 12}},1,2,3,2
L9a13{1},{{16; 2; 17; 1}; {10; 4; 11; 3}; {18; 9; 5; 10}; {8; 15; 9; 16}; {14; 5; 15; 6}; {6; 13; 7; 14}; {12; 7; 13; 8}; {2; 18; 3; 17}; {4; 12; 1; 11}},1,2,3,2
L9a14{0},{{6; 1; 7; 2}; {12; 4; 13; 3}; {14; 8; 15; 7}; {16; 10; 17; 9}; {18; 12; 5; 11}; {8; 16; 9; 15}; {10; 18; 11; 17}; {2; 5; 3; 6}; {4; 14; 1; 13}},2,2,3,2
L9a14{1},{{16; 2; 17; 1}; {10; 3; 11; 4}; {8; 16; 9; 15}; {6; 14; 7; 13}; {18; 12; 5; 11}; {14; 8; 15; 7}; {12; 6; 13; 5}; {2; 18; 3; 17}; {4; 9; 1; 10}},2,2,3,2
L9a15{0},{{6; 1; 7; 2}; {12; 4; 13; 3}; {14; 8; 15; 7}; {18; 12; 5; 11}; {8; 18; 9; 17}; {16; 10; 17; 9}; {10; 16; 11; 15}; {2; 5; 3; 6}; {4; 14; 1; 13}},1,2,3,2
L9a15{1},{{16; 2; 17; 1}; {10; 3; 11; 4}; {8; 16; 9; 15}; {18; 12; 5; 11}; {14; 6; 15; 5}; {6; 14; 7; 13}; {12; 8; 13; 7}; {2; 18; 3; 17}; {4; 9; 1; 10}},1,2,3,2
L9a16{0},{{6; 1; 7; 2}; {12; 3; 13; 4}; {14; 10; 15; 9}; {10; 14; 11; 13}; {18; 15; 5; 16}; {16; 7; 17; 8}; {8; 17; 9; 18}; {2; 5; 3; 6}; {4; 11; 1; 12}},1,2,3,2
L9a16{1},{{16; 2; 17; 1}; {10; 4; 11; 3}; {8; 14; 9; 13}; {12; 10; 13; 9}; {18; 7; 5; 8}; {6; 15; 7; 16}; {14; 5; 15; 6}; {2; 18; 3; 17}; {4; 12; 1; 11}},0,2,3,2
L9a17{0},{{6; 1; 7; 2}; {12; 4; 13; 3}; {16; 8; 17; 7}; {18; 10; 5; 9}; {8; 18; 9; 17}; {14; 12; 15; 11}; {10; 16; 11; 15}; {2; 5; 3; 6}; {4; 14; 1; 13}},1,2,3,2
L9a17{1},{{16; 2; 17; 1}; {10; 3; 11; 4}; {6; 16; 7; 15}; {18; 14; 5; 13}; {14; 6; 15; 5}; {8; 12; 9; 11}; {12; 8; 13; 7}; {2; 18; 3; 17}; {4; 9; 1; 10}},1,2,3,2
L9a18{0},{{6; 1; 7; 2}; {12; 4; 13; 3}; {18; 8; 5; 7}; {16; 10; 17; 9}; {14; 12; 15; 11}; {10; 16; 11; 15}; {8; 18; 9; 17}; {2; 5; 3; 6}; {4; 14; 1; 13}},1,2,2,2
L9a18{1},{{16; 2; 17; 1}; {10; 3; 11; 4}; {18; 16; 5; 15}; {6; 14; 7; 13}; {8; 12; 9; 11}; {12; 8; 13; 7}; {14; 6; 15; 5}; {2; 18; 3; 17}; {4; 9; 1; 10}},1,2,2,2
L9a19{0},{{6; 1; 7; 2}; {2; 9; 3; 10}; {12; 3; 13; 4}; {10; 5; 11; 6}; {18; 11; 5; 12}; {4; 17; 1; 18}; {16; 14; 17; 13}; {14; 8; 15; 7}; {8; 16; 9; 15}},1,2,2,2
L9a19{1},{{16; 2; 17; 1}; {2; 14; 3; 13}; {10; 4; 11; 3}; {12; 17; 13; 18}; {18; 11; 5; 12}; {4; 6; 1; 5}; {6; 10; 7; 9}; {8; 16; 9; 15}; {14; 8; 15; 7}},1,2,2,2
L9a20{0},{{8; 1; 9; 2}; {16; 11; 17; 12}; {10; 4; 11; 3}; {2; 15; 3; 16}; {12; 5; 13; 6}; {6; 7; 1; 8}; {14; 10; 15; 9}; {18; 14; 7; 13}; {4; 18; 5; 17}},0,3,2,2
L9a20{1},{{16; 2; 17; 1}; {8; 13; 9; 14}; {14; 3; 15; 4}; {2; 10; 3; 9}; {12; 6; 13; 5}; {6; 18; 1; 17}; {10; 16; 11; 15}; {18; 12; 7; 11}; {4; 7; 5; 8}},1,3,2,2
L9a21{0},{{8; 1; 9; 2}; {2; 9; 3; 10}; {10; 3; 11; 4}; {14; 8; 15; 7}; {18; 14; 7; 13}; {6; 17; 1; 18}; {16; 11; 17; 12}; {12; 6; 13; 5}; {4; 16; 5; 15}},0,1,1,1
L9a21{1},{{16; 2; 17; 1}; {2; 16; 3; 15}; {14; 4; 15; 3}; {10; 18; 11; 17}; {18; 12; 7; 11}; {6; 8; 1; 7}; {8; 13; 9; 14}; {12; 5; 13; 6}; {4; 9; 5; 10}},0,1,1,1
L9a22{0},{{8; 1; 9; 2}; {2; 9; 3; 10}; {10; 3; 11; 4}; {16; 12; 17; 11}; {12; 6; 13; 5}; {4; 17; 5; 18}; {14; 7; 15; 8}; {18; 13; 7; 14}; {6; 16; 1; 15}},1,3,2,2
L9a22{1},{{16; 2; 17; 1}; {2; 16; 3; 15}; {14; 4; 15; 3}; {8; 14; 9; 13}; {12; 5; 13; 6}; {4; 8; 5; 7}; {10; 17; 11; 18}; {18; 11; 7; 12}; {6; 9; 1; 10}},0,3,2,2
L9a23{0},{{8; 1; 9; 2}; {10; 3; 11; 4}; {18; 16; 7; 15}; {14; 5; 15; 6}; {4; 13; 5; 14}; {12; 18; 13; 17}; {16; 12; 17; 11}; {2; 7; 3; 8}; {6; 9; 1; 10}},0,3,4,3
L9a23{1},{{16; 2; 17; 1}; {14; 4; 15; 3}; {18; 10; 7; 9}; {10; 6; 11; 5}; {4; 12; 5; 11}; {12; 8; 13; 7}; {8; 14; 9; 13}; {2; 18; 3; 17}; {6; 16; 1; 15}},2,3,4,3
L9a24{0},{{8; 1; 9; 2}; {10; 3; 11; 4}; {14; 6; 15; 5}; {16; 11; 17; 12}; {18; 13; 7; 14}; {12; 17; 13; 18}; {4; 16; 5; 15}; {2; 7; 3; 8}; {6; 9; 1; 10}},1,3,2,2
L9a24{1},{{16; 2; 17; 1}; {14; 4; 15; 3}; {10; 5; 11; 6}; {8; 13; 9; 14}; {18; 11; 7; 12}; {12; 7; 13; 8}; {4; 9; 5; 10}; {2; 18; 3; 17}; {6; 16; 1; 15}},0,3,2,2
L9a25{0},{{8; 1; 9; 2}; {10; 3; 11; 4}; {14; 6; 15; 5}; {18; 11; 7; 12}; {16; 13; 17; 14}; {12; 17; 13; 18}; {4; 16; 5; 15}; {2; 7; 3; 8}; {6; 9; 1; 10}},0,3,2,2
L9a25{1},{{16; 2; 17; 1}; {14; 4; 15; 3}; {10; 5; 11; 6}; {18; 13; 7; 14}; {8; 11; 9; 12}; {12; 7; 13; 8}; {4; 9; 5; 10}; {2; 18; 3; 17}; {6; 16; 1; 15}},0,3,2,2
L9a26{0},{{8; 1; 9; 2}; {10; 4; 11; 3}; {18; 10; 7; 9}; {14; 6; 15; 5}; {16; 14; 17; 13}; {12; 18; 13; 17}; {2; 7; 3; 8}; {4; 12; 5; 11}; {6; 16; 1; 15}},1,3,2,2
L9a26{1},{{16; 2; 17; 1}; {14; 3; 15; 4}; {18; 16; 7; 15}; {10; 5; 11; 6}; {8; 12; 9; 11}; {12; 8; 13; 7}; {2; 18; 3; 17}; {4; 13; 5; 14}; {6; 9; 1; 10}},0,3,2,2
L9a27{0},{{8; 1; 9; 2}; {10; 4; 11; 3}; {18; 10; 7; 9}; {2; 7; 3; 8}; {16; 13; 17; 14}; {6; 12; 1; 11}; {4; 16; 5; 15}; {14; 6; 15; 5}; {12; 17; 13; 18}},0,1,1,1
L9a27{1},{{16; 2; 17; 1}; {14; 3; 15; 4}; {18; 16; 7; 15}; {2; 18; 3; 17}; {8; 11; 9; 12}; {6; 13; 1; 14}; {4; 9; 5; 10}; {10; 5; 11; 6}; {12; 7; 13; 8}},0,1,1,1
L9a28{0},{{8; 1; 9; 2}; {2; 9; 3; 10}; {10; 3; 11; 4}; {14; 5; 15; 6}; {18; 16; 7; 15}; {16; 12; 17; 11}; {12; 18; 13; 17}; {6; 7; 1; 8}; {4; 13; 5; 14}},1,3,4,3
L9a28{1},{{16; 2; 17; 1}; {2; 16; 3; 15}; {14; 4; 15; 3}; {10; 6; 11; 5}; {18; 10; 7; 9}; {8; 14; 9; 13}; {12; 8; 13; 7}; {6; 18; 1; 17}; {4; 12; 5; 11}},1,3,4,3
L9a29{0},{{8; 1; 9; 2}; {2; 9; 3; 10}; {10; 3; 11; 4}; {6; 7; 1; 8}; {16; 11; 17; 12}; {14; 6; 15; 5}; {4; 16; 5; 15}; {18; 13; 7; 14}; {12; 17; 13; 18}},2,3,3,[2;3]
L9a29{1},{{16; 2; 17; 1}; {2; 16; 3; 15}; {14; 4; 15; 3}; {6; 18; 1; 17}; {8; 13; 9; 14}; {10; 5; 11; 6}; {4; 9; 5; 10}; {18; 11; 7; 12}; {12; 7; 13; 8}},1,3,3,[2;3]
L9a30{0},{{8; 1; 9; 2}; {2; 9; 3; 10}; {10; 3; 11; 4}; {6; 7; 1; 8}; {16; 13; 17; 14}; {14; 6; 15; 5}; {4; 16; 5; 15}; {18; 11; 7; 12}; {12; 17; 13; 18}},1,3,3,[2;3]
L9a30{1},{{16; 2; 17; 1}; {2; 16; 3; 15}; {14; 4; 15; 3}; {6; 18; 1; 17}; {8; 11; 9; 12}; {10; 5; 11; 6}; {4; 9; 5; 10}; {18; 13; 7; 14}; {12; 7; 13; 8}},1,3,3,[2;3]
L9a31{0},{{8; 1; 9; 2}; {16; 9; 17; 10}; {6; 7; 1; 8}; {18; 13; 7; 14}; {10; 4; 11; 3}; {14; 6; 15; 5}; {4; 12; 5; 11}; {12; 17; 13; 18}; {2; 16; 3; 15}},0,1,2,1
L9a31{1},{{16; 2; 17; 1}; {8; 15; 9; 16}; {6; 18; 1; 17}; {18; 11; 7; 12}; {14; 3; 15; 4}; {10; 5; 11; 6}; {4; 13; 5; 14}; {12; 7; 13; 8}; {2; 9; 3; 10}},1,1,2,1
L9a32{0},{{8; 1; 9; 2}; {12; 3; 13; 4}; {18; 13; 7; 14}; {14; 9; 15; 10}; {10; 17; 11; 18}; {16; 5; 17; 6}; {2; 7; 3; 8}; {4; 11; 5; 12}; {6; 15; 1; 16}},1,3,4,3
L9a32{1},{{16; 2; 17; 1}; {12; 4; 13; 3}; {18; 11; 7; 12}; {10; 15; 11; 16}; {14; 7; 15; 8}; {8; 6; 9; 5}; {2; 18; 3; 17}; {4; 14; 5; 13}; {6; 10; 1; 9}},1,3,4,3
L9a33{0},{{8; 1; 9; 2}; {12; 3; 13; 4}; {18; 10; 7; 9}; {10; 14; 11; 13}; {16; 5; 17; 6}; {14; 18; 15; 17}; {2; 7; 3; 8}; {4; 11; 5; 12}; {6; 15; 1; 16}},0,3,3,3
L9a33{1},{{16; 2; 17; 1}; {12; 4; 13; 3}; {18; 16; 7; 15}; {14; 12; 15; 11}; {8; 6; 9; 5}; {10; 8; 11; 7}; {2; 18; 3; 17}; {4; 14; 5; 13}; {6; 10; 1; 9}},2,3,3,3
L9a34{0},{{10; 1; 11; 2}; {14; 5; 15; 6}; {12; 3; 13; 4}; {16; 8; 17; 7}; {18; 15; 9; 16}; {4; 13; 5; 14}; {6; 18; 7; 17}; {2; 9; 3; 10}; {8; 11; 1; 12}},1,2,2,2
L9a34{1},{{16; 2; 17; 1}; {12; 6; 13; 5}; {14; 4; 15; 3}; {10; 7; 11; 8}; {18; 11; 9; 12}; {4; 14; 5; 13}; {6; 9; 7; 10}; {2; 18; 3; 17}; {8; 16; 1; 15}},0,2,2,2
L9a35{0},{{10; 1; 11; 2}; {12; 3; 13; 4}; {16; 8; 17; 7}; {14; 6; 15; 5}; {18; 13; 9; 14}; {6; 16; 7; 15}; {4; 18; 5; 17}; {2; 9; 3; 10}; {8; 11; 1; 12}},1,2,2,2
L9a35{1},{{16; 2; 17; 1}; {14; 4; 15; 3}; {10; 7; 11; 8}; {12; 5; 13; 6}; {18; 13; 9; 14}; {6; 11; 7; 12}; {4; 9; 5; 10}; {2; 18; 3; 17}; {8; 16; 1; 15}},1,2,2,2
L9a36{0},{{10; 1; 11; 2}; {12; 4; 13; 3}; {18; 12; 9; 11}; {14; 6; 15; 5}; {16; 8; 17; 7}; {2; 9; 3; 10}; {4; 14; 5; 13}; {6; 16; 7; 15}; {8; 18; 1; 17}},2,4,3,3
L9a36{1},{{16; 2; 17; 1}; {14; 3; 15; 4}; {18; 16; 9; 15}; {12; 5; 13; 6}; {10; 7; 11; 8}; {2; 18; 3; 17}; {4; 13; 5; 14}; {6; 11; 7; 12}; {8; 9; 1; 10}},1,4,3,3
L9a37{0},{{10; 1; 11; 2}; {12; 4; 13; 3}; {18; 12; 9; 11}; {2; 9; 3; 10}; {4; 18; 5; 17}; {16; 8; 17; 7}; {14; 6; 15; 5}; {6; 16; 7; 15}; {8; 14; 1; 13}},1,2,2,2
L9a37{1},{{16; 2; 17; 1}; {14; 3; 15; 4}; {18; 16; 9; 15}; {2; 18; 3; 17}; {4; 9; 5; 10}; {10; 7; 11; 8}; {12; 5; 13; 6}; {6; 11; 7; 12}; {8; 13; 1; 14}},1,2,2,2
L9a38{0},{{10; 1; 11; 2}; {2; 11; 3; 12}; {12; 3; 13; 4}; {4; 9; 5; 10}; {14; 6; 15; 5}; {18; 14; 9; 13}; {16; 8; 17; 7}; {6; 16; 7; 15}; {8; 18; 1; 17}},0,2,1,1
L9a38{1},{{16; 2; 17; 1}; {2; 16; 3; 15}; {14; 4; 15; 3}; {4; 18; 5; 17}; {12; 5; 13; 6}; {18; 14; 9; 13}; {10; 7; 11; 8}; {6; 11; 7; 12}; {8; 9; 1; 10}},0,2,1,1
L9a39{0},{{10; 1; 11; 2}; {2; 11; 3; 12}; {12; 3; 13; 4}; {14; 5; 15; 6}; {6; 9; 7; 10}; {16; 8; 17; 7}; {18; 16; 9; 15}; {8; 18; 1; 17}; {4; 13; 5; 14}},1,2,2,2
L9a39{1},{{16; 2; 17; 1}; {2; 16; 3; 15}; {14; 4; 15; 3}; {12; 6; 13; 5}; {6; 18; 7; 17}; {10; 7; 11; 8}; {18; 12; 9; 11}; {8; 9; 1; 10}; {4; 14; 5; 13}},1,2,2,2
L9a40{0},{{10; 1; 11; 2}; {2; 11; 3; 12}; {12; 3; 13; 4}; {8; 9; 1; 10}; {18; 13; 9; 14}; {14; 8; 15; 7}; {16; 6; 17; 5}; {6; 16; 7; 15}; {4; 18; 5; 17}},1,4,2,2
L9a40{1},{{16; 2; 17; 1}; {2; 16; 3; 15}; {14; 4; 15; 3}; {8; 18; 1; 17}; {18; 13; 9; 14}; {12; 7; 13; 8}; {10; 5; 11; 6}; {6; 11; 7; 12}; {4; 9; 5; 10}},1,4,2,2
L9a41{0},{{10; 1; 11; 2}; {2; 11; 3; 12}; {12; 3; 13; 4}; {18; 5; 9; 6}; {14; 8; 15; 7}; {16; 14; 17; 13}; {8; 16; 1; 15}; {6; 9; 7; 10}; {4; 17; 5; 18}},1,2,2,2
L9a41{1},{{16; 2; 17; 1}; {2; 16; 3; 15}; {14; 4; 15; 3}; {18; 6; 9; 5}; {12; 7; 13; 8}; {10; 14; 11; 13}; {8; 11; 1; 12}; {6; 18; 7; 17}; {4; 10; 5; 9}},0,2,2,2
L9a42{0},{{10; 1; 11; 2}; {12; 4; 13; 3}; {18; 5; 9; 6}; {6; 9; 7; 10}; {16; 12; 17; 11}; {14; 8; 15; 7}; {4; 14; 5; 13}; {8; 16; 1; 15}; {2; 17; 3; 18}},1,2,2,2
L9a42{1},{{16; 2; 17; 1}; {14; 3; 15; 4}; {18; 6; 9; 5}; {6; 18; 7; 17}; {10; 16; 11; 15}; {12; 7; 13; 8}; {4; 13; 5; 14}; {8; 11; 1; 12}; {2; 10; 3; 9}},1,2,2,2
L9a43{0;0},{{6; 1; 7; 2}; {10; 3; 11; 4}; {14; 7; 15; 8}; {8; 13; 5; 14}; {16; 11; 17; 12}; {18; 15; 9; 16}; {12; 17; 13; 18}; {2; 5; 3; 6}; {4; 9; 1; 10}},1,3,4,3
L9a43{1;0},{{6; 2; 7; 1}; {10; 3; 11; 4}; {14; 6; 15; 5}; {8; 14; 5; 13}; {16; 11; 17; 12}; {18; 15; 9; 16}; {12; 17; 13; 18}; {2; 8; 3; 7}; {4; 9; 1; 10}},[0;1],3,4,3
L9a43{0;1},{{6; 1; 7; 2}; {16; 4; 17; 3}; {12; 8; 13; 7}; {8; 14; 5; 13}; {10; 15; 11; 16}; {18; 11; 9; 12}; {14; 9; 15; 10}; {2; 5; 3; 6}; {4; 18; 1; 17}},[0;1],3,4,3
L9a43{1;1},{{6; 2; 7; 1}; {16; 4; 17; 3}; {12; 5; 13; 6}; {8; 13; 5; 14}; {10; 15; 11; 16}; {18; 11; 9; 12}; {14; 9; 15; 10}; {2; 8; 3; 7}; {4; 18; 1; 17}},[0;1],3,4,3
L9a44{0;0},{{6; 1; 7; 2}; {10; 3; 11; 4}; {18; 14; 9; 13}; {16; 12; 17; 11}; {12; 18; 13; 17}; {8; 16; 5; 15}; {14; 8; 15; 7}; {2; 5; 3; 6}; {4; 9; 1; 10}},[0;1],3,4,3
L9a44{1;0},{{6; 2; 7; 1}; {10; 3; 11; 4}; {18; 14; 9; 13}; {16; 12; 17; 11}; {12; 18; 13; 17}; {8; 15; 5; 16}; {14; 5; 15; 6}; {2; 8; 3; 7}; {4; 9; 1; 10}},[0;1],3,4,3
L9a44{0;1},{{6; 1; 7; 2}; {16; 4; 17; 3}; {18; 14; 9; 13}; {10; 16; 11; 15}; {14; 10; 15; 9}; {8; 11; 5; 12}; {12; 7; 13; 8}; {2; 5; 3; 6}; {4; 18; 1; 17}},[0;1],3,4,3
L9a44{1;1},{{6; 2; 7; 1}; {16; 4; 17; 3}; {18; 14; 9; 13}; {10; 16; 11; 15}; {14; 10; 15; 9}; {8; 12; 5; 11}; {12; 6; 13; 5}; {2; 8; 3; 7}; {4; 18; 1; 17}},2,3,4,3
L9a45{0;0},{{6; 1; 7; 2}; {10; 3; 11; 4}; {18; 12; 9; 11}; {16; 14; 17; 13}; {8; 16; 5; 15}; {14; 8; 15; 7}; {12; 18; 13; 17}; {2; 5; 3; 6}; {4; 9; 1; 10}},0,3,3,3
L9a45{1;0},{{6; 2; 7; 1}; {10; 3; 11; 4}; {18; 12; 9; 11}; {16; 14; 17; 13}; {8; 15; 5; 16}; {14; 5; 15; 6}; {12; 18; 13; 17}; {2; 8; 3; 7}; {4; 9; 1; 10}},0,3,3,3
L9a45{0;1},{{6; 1; 7; 2}; {16; 4; 17; 3}; {18; 16; 9; 15}; {10; 14; 11; 13}; {8; 11; 5; 12}; {12; 7; 13; 8}; {14; 10; 15; 9}; {2; 5; 3; 6}; {4; 18; 1; 17}},0,3,3,3
L9a45{1;1},{{6; 2; 7; 1}; {16; 4; 17; 3}; {18; 16; 9; 15}; {10; 14; 11; 13}; {8; 12; 5; 11}; {12; 6; 13; 5}; {14; 10; 15; 9}; {2; 8; 3; 7}; {4; 18; 1; 17}},1,3,3,3
L9a46{0;0},{{6; 1; 7; 2}; {12; 6; 13; 5}; {8; 4; 9; 3}; {2; 14; 3; 13}; {14; 7; 15; 8}; {16; 12; 17; 11}; {18; 9; 11; 10}; {10; 17; 5; 18}; {4; 15; 1; 16}},0,3,2,2
L9a46{1;0},{{8; 2; 9; 1}; {12; 9; 13; 10}; {6; 3; 7; 4}; {2; 14; 3; 13}; {14; 8; 15; 7}; {16; 12; 17; 11}; {18; 6; 11; 5}; {10; 18; 5; 17}; {4; 15; 1; 16}},0,3,2,2
L9a46{0;1},{{6; 1; 7; 2}; {16; 5; 17; 6}; {8; 4; 9; 3}; {2; 15; 3; 16}; {14; 8; 15; 7}; {12; 18; 13; 17}; {18; 10; 11; 9}; {10; 12; 5; 11}; {4; 14; 1; 13}},0,3,2,2
L9a46{1;1},{{8; 2; 9; 1}; {16; 10; 17; 9}; {6; 3; 7; 4}; {2; 15; 3; 16}; {14; 7; 15; 8}; {12; 18; 13; 17}; {18; 5; 11; 6}; {10; 11; 5; 12}; {4; 14; 1; 13}},0,3,2,2
L9a47{0;0},{{6; 1; 7; 2}; {12; 3; 13; 4}; {10; 13; 5; 14}; {18; 15; 11; 16}; {14; 7; 15; 8}; {8; 18; 9; 17}; {16; 10; 17; 9}; {2; 5; 3; 6}; {4; 11; 1; 12}},0,4,3,3
L9a47{1;0},{{8; 2; 9; 1}; {12; 3; 13; 4}; {10; 14; 5; 13}; {18; 15; 11; 16}; {14; 8; 15; 7}; {6; 17; 7; 18}; {16; 5; 17; 6}; {2; 10; 3; 9}; {4; 11; 1; 12}},0,4,3,3
L9a47{0;1},{{6; 1; 7; 2}; {16; 4; 17; 3}; {10; 16; 5; 15}; {18; 13; 11; 14}; {14; 8; 15; 7}; {8; 11; 9; 12}; {12; 9; 13; 10}; {2; 5; 3; 6}; {4; 18; 1; 17}},0,4,3,3
L9a47{1;1},{{8; 2; 9; 1}; {16; 4; 17; 3}; {10; 15; 5; 16}; {18; 13; 11; 14}; {14; 7; 15; 8}; {6; 12; 7; 11}; {12; 6; 13; 5}; {2; 10; 3; 9}; {4; 18; 1; 17}},0,4,3,3
L9a48{0;0},{{6; 1; 7; 2}; {12; 3; 13; 4}; {18; 14; 11; 13}; {8; 16; 9; 15}; {14; 8; 15; 7}; {16; 10; 17; 9}; {10; 18; 5; 17}; {2; 5; 3; 6}; {4; 11; 1; 12}},0,4,4,4
L9a48{1;0},{{8; 2; 9; 1}; {12; 3; 13; 4}; {18; 14; 11; 13}; {6; 15; 7; 16}; {14; 7; 15; 8}; {16; 5; 17; 6}; {10; 17; 5; 18}; {2; 10; 3; 9}; {4; 11; 1; 12}},0,4,4,4
L9a48{0;1},{{6; 1; 7; 2}; {16; 4; 17; 3}; {18; 16; 11; 15}; {8; 13; 9; 14}; {14; 7; 15; 8}; {12; 9; 13; 10}; {10; 11; 5; 12}; {2; 5; 3; 6}; {4; 18; 1; 17}},0,4,4,4
L9a48{1;1},{{8; 2; 9; 1}; {16; 4; 17; 3}; {18; 16; 11; 15}; {6; 14; 7; 13}; {14; 8; 15; 7}; {12; 6; 13; 5}; {10; 12; 5; 11}; {2; 10; 3; 9}; {4; 18; 1; 17}},2,4,4,4
L9a49{0;0},{{6; 1; 7; 2}; {12; 3; 13; 4}; {16; 10; 17; 9}; {14; 8; 15; 7}; {18; 14; 11; 13}; {10; 16; 5; 15}; {8; 18; 9; 17}; {2; 5; 3; 6}; {4; 11; 1; 12}},0,4,4,4
L9a49{1;0},{{8; 2; 9; 1}; {12; 3; 13; 4}; {16; 5; 17; 6}; {14; 7; 15; 8}; {18; 14; 11; 13}; {10; 15; 5; 16}; {6; 17; 7; 18}; {2; 10; 3; 9}; {4; 11; 1; 12}},0,4,4,4
L9a49{0;1},{{6; 1; 7; 2}; {16; 4; 17; 3}; {12; 9; 13; 10}; {14; 7; 15; 8}; {18; 16; 11; 15}; {10; 13; 5; 14}; {8; 11; 9; 12}; {2; 5; 3; 6}; {4; 18; 1; 17}},0,4,4,4
L9a49{1;1},{{8; 2; 9; 1}; {16; 4; 17; 3}; {12; 6; 13; 5}; {14; 8; 15; 7}; {18; 16; 11; 15}; {10; 14; 5; 13}; {6; 12; 7; 11}; {2; 10; 3; 9}; {4; 18; 1; 17}},1,4,4,4
L9a50{0;0},{{6; 1; 7; 2}; {12; 4; 13; 3}; {18; 16; 11; 15}; {14; 8; 15; 7}; {10; 12; 5; 11}; {8; 17; 9; 18}; {16; 9; 17; 10}; {2; 5; 3; 6}; {4; 14; 1; 13}},[0;1],4,3,3
L9a50{1;0},{{8; 2; 9; 1}; {12; 4; 13; 3}; {18; 16; 11; 15}; {14; 7; 15; 8}; {10; 11; 5; 12}; {6; 18; 7; 17}; {16; 6; 17; 5}; {2; 10; 3; 9}; {4; 14; 1; 13}},1,4,3,3
L9a50{0;1},{{6; 1; 7; 2}; {16; 3; 17; 4}; {18; 14; 11; 13}; {14; 7; 15; 8}; {10; 17; 5; 18}; {8; 12; 9; 11}; {12; 10; 13; 9}; {2; 5; 3; 6}; {4; 15; 1; 16}},0,4,3,3
L9a50{1;1},{{8; 2; 9; 1}; {16; 3; 17; 4}; {18; 14; 11; 13}; {14; 8; 15; 7}; {10; 18; 5; 17}; {6; 11; 7; 12}; {12; 5; 13; 6}; {2; 10; 3; 9}; {4; 15; 1; 16}},[0;1],4,3,3
L9a51{0;0},{{6; 1; 7; 2}; {12; 4; 13; 3}; {8; 12; 9; 11}; {18; 8; 11; 7}; {16; 13; 17; 14}; {14; 6; 15; 5}; {10; 16; 5; 15}; {2; 9; 3; 10}; {4; 18; 1; 17}},[0;1],4,4,4
L9a51{1;0},{{8; 2; 9; 1}; {12; 4; 13; 3}; {6; 11; 7; 12}; {18; 7; 11; 8}; {16; 13; 17; 14}; {14; 9; 15; 10}; {10; 15; 5; 16}; {2; 6; 3; 5}; {4; 18; 1; 17}},0,4,4,4
L9a51{0;1},{{6; 1; 7; 2}; {16; 3; 17; 4}; {8; 17; 9; 18}; {18; 7; 11; 8}; {12; 15; 13; 16}; {14; 5; 15; 6}; {10; 13; 5; 14}; {2; 9; 3; 10}; {4; 11; 1; 12}},1,4,4,4
L9a51{1;1},{{8; 2; 9; 1}; {16; 3; 17; 4}; {6; 18; 7; 17}; {18; 8; 11; 7}; {12; 15; 13; 16}; {14; 10; 15; 9}; {10; 14; 5; 13}; {2; 6; 3; 5}; {4; 11; 1; 12}},[0;1],4,4,4
L9a52{0;0},{{6; 1; 7; 2}; {10; 3; 11; 4}; {16; 11; 17; 12}; {14; 8; 15; 7}; {8; 14; 9; 13}; {18; 15; 13; 16}; {12; 17; 5; 18}; {2; 5; 3; 6}; {4; 9; 1; 10}},0,4,3,3
L9a52{1;0},{{10; 2; 11; 1}; {6; 4; 7; 3}; {16; 6; 17; 5}; {14; 9; 15; 10}; {8; 13; 9; 14}; {18; 15; 13; 16}; {12; 18; 5; 17}; {2; 12; 3; 11}; {4; 8; 1; 7}},1,4,3,3
L9a52{0;1},{{6; 1; 7; 2}; {10; 3; 11; 4}; {14; 12; 15; 11}; {16; 7; 17; 8}; {8; 17; 9; 18}; {18; 15; 13; 16}; {12; 14; 5; 13}; {2; 5; 3; 6}; {4; 9; 1; 10}},0,4,3,3
L9a52{1;1},{{10; 2; 11; 1}; {6; 4; 7; 3}; {14; 5; 15; 6}; {16; 10; 17; 9}; {8; 18; 9; 17}; {18; 15; 13; 16}; {12; 13; 5; 14}; {2; 12; 3; 11}; {4; 8; 1; 7}},1,4,3,3
L9a53{0;0},{{6; 1; 7; 2}; {12; 7; 13; 8}; {4; 13; 1; 14}; {18; 10; 15; 9}; {8; 4; 9; 3}; {16; 5; 17; 6}; {14; 17; 5; 18}; {10; 16; 11; 15}; {2; 12; 3; 11}},1,2,2,2
L9a53{1;0},{{12; 2; 13; 1}; {6; 11; 7; 12}; {4; 6; 1; 5}; {18; 9; 15; 10}; {10; 3; 11; 4}; {16; 14; 17; 13}; {14; 18; 5; 17}; {8; 15; 9; 16}; {2; 7; 3; 8}},1,2,2,2
L9a53{0;1},{{6; 1; 7; 2}; {12; 7; 13; 8}; {4; 13; 1; 14}; {18; 9; 15; 10}; {8; 4; 9; 3}; {16; 6; 17; 5}; {14; 16; 5; 15}; {10; 17; 11; 18}; {2; 12; 3; 11}},1,2,2,2
L9a53{1;1},{{12; 2; 13; 1}; {6; 11; 7; 12}; {4; 6; 1; 5}; {18; 10; 15; 9}; {10; 3; 11; 4}; {16; 13; 17; 14}; {14; 15; 5; 16}; {8; 18; 9; 17}; {2; 7; 3; 8}},1,2,2,2
L9a54{0;0},{{6; 1; 7; 2}; {10; 4; 11; 3}; {12; 8; 13; 7}; {18; 13; 15; 14}; {16; 10; 17; 9}; {8; 16; 9; 15}; {14; 17; 5; 18}; {2; 5; 3; 6}; {4; 12; 1; 11}},1,4,3,3
L9a54{1;0},{{12; 2; 13; 1}; {8; 3; 9; 4}; {6; 12; 7; 11}; {18; 6; 15; 5}; {16; 9; 17; 10}; {10; 15; 11; 16}; {14; 18; 5; 17}; {2; 14; 3; 13}; {4; 7; 1; 8}},1,4,3,3
L9a54{0;1},{{6; 1; 7; 2}; {10; 4; 11; 3}; {12; 8; 13; 7}; {18; 14; 15; 13}; {16; 9; 17; 10}; {8; 17; 9; 18}; {14; 16; 5; 15}; {2; 5; 3; 6}; {4; 12; 1; 11}},1,4,3,3
L9a54{1;1},{{12; 2; 13; 1}; {8; 3; 9; 4}; {6; 12; 7; 11}; {18; 5; 15; 6}; {16; 10; 17; 9}; {10; 18; 11; 17}; {14; 15; 5; 16}; {2; 14; 3; 13}; {4; 7; 1; 8}},1,4,3,3
L9a55{0;0;0},{{6; 1; 7; 2}; {2; 5; 3; 6}; {16; 12; 17; 11}; {10; 3; 11; 4}; {4; 9; 1; 10}; {14; 7; 15; 8}; {8; 13; 5; 14}; {18; 16; 13; 15}; {12; 18; 9; 17}},[0;1],4,4,4
L9a55{1;0;0},{{6; 2; 7; 1}; {2; 8; 3; 7}; {16; 12; 17; 11}; {10; 3; 11; 4}; {4; 9; 1; 10}; {14; 6; 15; 5}; {8; 14; 5; 13}; {18; 16; 13; 15}; {12; 18; 9; 17}},0,4,4,4
L9a55{0;1;0},{{6; 1; 7; 2}; {2; 5; 3; 6}; {16; 9; 17; 10}; {10; 4; 11; 3}; {4; 12; 1; 11}; {14; 7; 15; 8}; {8; 13; 5; 14}; {18; 16; 13; 15}; {12; 17; 9; 18}},[0;1],4,4,4
L9a55{1;1;0},{{6; 2; 7; 1}; {2; 8; 3; 7}; {16; 9; 17; 10}; {10; 4; 11; 3}; {4; 12; 1; 11}; {14; 6; 15; 5}; {8; 14; 5; 13}; {18; 16; 13; 15}; {12; 17; 9; 18}},0,4,4,4
L9a55{0;0;1},{{6; 1; 7; 2}; {2; 5; 3; 6}; {14; 11; 15; 12}; {10; 3; 11; 4}; {4; 9; 1; 10}; {16; 8; 17; 7}; {8; 18; 5; 17}; {18; 16; 13; 15}; {12; 13; 9; 14}},[0;1],4,4,4
L9a55{1;0;1},{{6; 2; 7; 1}; {2; 8; 3; 7}; {14; 11; 15; 12}; {10; 3; 11; 4}; {4; 9; 1; 10}; {16; 5; 17; 6}; {8; 17; 5; 18}; {18; 16; 13; 15}; {12; 13; 9; 14}},[0;1],4,4,4
L9a55{0;1;1},{{6; 1; 7; 2}; {2; 5; 3; 6}; {14; 10; 15; 9}; {10; 4; 11; 3}; {4; 12; 1; 11}; {16; 8; 17; 7}; {8; 18; 5; 17}; {18; 16; 13; 15}; {12; 14; 9; 13}},0,4,4,4
L9a55{1;1;1},{{6; 2; 7; 1}; {2; 8; 3; 7}; {14; 10; 15; 9}; {10; 4; 11; 3}; {4; 12; 1; 11}; {16; 5; 17; 6}; {8; 17; 5; 18}; {18; 16; 13; 15}; {12; 14; 9; 13}},0,4,4,4
L9n1{0},{{6; 1; 7; 2}; {14; 7; 15; 8}; {4; 15; 1; 16}; {5; 10; 6; 11}; {3; 8; 4; 9}; {11; 18; 12; 5}; {17; 12; 18; 13}; {9; 16; 10; 17}; {13; 2; 14; 3}},2,2,3,2
L9n1{1},{{16; 2; 17; 1}; {8; 15; 9; 16}; {4; 8; 1; 7}; {17; 12; 18; 13}; {3; 15; 4; 14}; {11; 18; 12; 5}; {5; 10; 6; 11}; {13; 6; 14; 7}; {9; 3; 10; 2}},0,2,3,2
L9n2{0},{{6; 1; 7; 2}; {14; 7; 15; 8}; {15; 1; 16; 4}; {5; 10; 6; 11}; {3; 8; 4; 9}; {11; 18; 12; 5}; {17; 12; 18; 13}; {9; 16; 10; 17}; {2; 14; 3; 13}},0,2,2,2
L9n2{1},{{16; 2; 17; 1}; {8; 15; 9; 16}; {7; 4; 8; 1}; {17; 12; 18; 13}; {3; 15; 4; 14}; {11; 18; 12; 5}; {5; 10; 6; 11}; {13; 6; 14; 7}; {2; 9; 3; 10}},0,2,2,2
L9n3{0},{{6; 1; 7; 2}; {14; 7; 15; 8}; {4; 15; 1; 16}; {5; 10; 6; 11}; {8; 4; 9; 3}; {11; 18; 12; 5}; {17; 12; 18; 13}; {9; 16; 10; 17}; {2; 14; 3; 13}},1,2,1,1
L9n3{1},{{16; 2; 17; 1}; {8; 15; 9; 16}; {4; 8; 1; 7}; {17; 12; 18; 13}; {14; 3; 15; 4}; {11; 18; 12; 5}; {5; 10; 6; 11}; {13; 6; 14; 7}; {2; 9; 3; 10}},1,2,1,1
L9n4{0},{{6; 1; 7; 2}; {14; 7; 15; 8}; {4; 15; 1; 16}; {5; 12; 6; 13}; {3; 8; 4; 9}; {9; 16; 10; 17}; {11; 18; 12; 5}; {17; 10; 18; 11}; {13; 2; 14; 3}},3,2,4,2
L9n4{1},{{16; 2; 17; 1}; {8; 15; 9; 16}; {4; 8; 1; 7}; {17; 10; 18; 11}; {3; 15; 4; 14}; {13; 6; 14; 7}; {11; 18; 12; 5}; {5; 12; 6; 13}; {9; 3; 10; 2}},1,2,4,2
L9n5{0},{{6; 1; 7; 2}; {14; 7; 15; 8}; {15; 1; 16; 4}; {5; 12; 6; 13}; {3; 8; 4; 9}; {9; 16; 10; 17}; {11; 18; 12; 5}; {17; 10; 18; 11}; {2; 14; 3; 13}},1,2,2,2
L9n5{1},{{16; 2; 17; 1}; {8; 15; 9; 16}; {7; 4; 8; 1}; {17; 10; 18; 11}; {3; 15; 4; 14}; {13; 6; 14; 7}; {11; 18; 12; 5}; {5; 12; 6; 13}; {2; 9; 3; 10}},1,2,2,2
L9n6{0},{{6; 1; 7; 2}; {14; 7; 15; 8}; {4; 15; 1; 16}; {5; 12; 6; 13}; {8; 4; 9; 3}; {9; 16; 10; 17}; {11; 18; 12; 5}; {17; 10; 18; 11}; {2; 14; 3; 13}},1,2,2,1
L9n6{1},{{16; 2; 17; 1}; {8; 15; 9; 16}; {4; 8; 1; 7}; {17; 10; 18; 11}; {14; 3; 15; 4}; {13; 6; 14; 7}; {11; 18; 12; 5}; {5; 12; 6; 13}; {2; 9; 3; 10}},1,2,2,1
L9n7{0},{{6; 1; 7; 2}; {16; 7; 17; 8}; {4; 17; 1; 18}; {5; 12; 6; 13}; {3; 8; 4; 9}; {9; 14; 10; 15}; {13; 10; 14; 11}; {11; 18; 12; 5}; {15; 2; 16; 3}},2,2,3,2
L9n7{1},{{16; 2; 17; 1}; {6; 15; 7; 16}; {4; 6; 1; 5}; {17; 10; 18; 11}; {3; 15; 4; 14}; {13; 8; 14; 9}; {9; 12; 10; 13}; {11; 18; 12; 5}; {7; 3; 8; 2}},1,2,3,2
L9n8{0},{{6; 1; 7; 2}; {16; 7; 17; 8}; {4; 17; 1; 18}; {5; 12; 6; 13}; {8; 4; 9; 3}; {9; 14; 10; 15}; {13; 10; 14; 11}; {11; 18; 12; 5}; {2; 16; 3; 15}},1,2,2,1
L9n8{1},{{16; 2; 17; 1}; {6; 15; 7; 16}; {4; 6; 1; 5}; {17; 10; 18; 11}; {14; 3; 15; 4}; {13; 8; 14; 9}; {9; 12; 10; 13}; {11; 18; 12; 5}; {2; 7; 3; 8}},1,2,2,1
L9n9{0},{{6; 1; 7; 2}; {10; 3; 11; 4}; {7; 14; 8; 15}; {15; 18; 16; 5}; {11; 16; 12; 17}; {17; 12; 18; 13}; {13; 8; 14; 9}; {2; 5; 3; 6}; {4; 9; 1; 10}},2,2,3,2
L9n9{1},{{16; 2; 17; 1}; {12; 4; 13; 3}; {15; 8; 16; 9}; {7; 18; 8; 5}; {11; 6; 12; 7}; {5; 10; 6; 11}; {9; 14; 10; 15}; {2; 18; 3; 17}; {4; 14; 1; 13}},0,2,3,2
L9n10{0},{{6; 1; 7; 2}; {10; 3; 11; 4}; {7; 14; 8; 15}; {18; 16; 5; 15}; {16; 12; 17; 11}; {12; 18; 13; 17}; {13; 8; 14; 9}; {2; 5; 3; 6}; {4; 9; 1; 10}},1,2,2,2
L9n10{1},{{16; 2; 17; 1}; {12; 4; 13; 3}; {15; 8; 16; 9}; {18; 8; 5; 7}; {6; 12; 7; 11}; {10; 6; 11; 5}; {9; 14; 10; 15}; {2; 18; 3; 17}; {4; 14; 1; 13}},1,2,2,2
L9n11{0},{{6; 1; 7; 2}; {10; 3; 11; 4}; {14; 8; 15; 7}; {15; 18; 16; 5}; {11; 16; 12; 17}; {17; 12; 18; 13}; {8; 14; 9; 13}; {2; 5; 3; 6}; {4; 9; 1; 10}},1,2,2,2
L9n11{1},{{16; 2; 17; 1}; {12; 4; 13; 3}; {8; 16; 9; 15}; {7; 18; 8; 5}; {11; 6; 12; 7}; {5; 10; 6; 11}; {14; 10; 15; 9}; {2; 18; 3; 17}; {4; 14; 1; 13}},0,2,2,2
L9n12{0},{{6; 1; 7; 2}; {10; 3; 11; 4}; {11; 17; 12; 16}; {7; 15; 8; 14}; {15; 9; 16; 8}; {13; 5; 14; 18}; {17; 13; 18; 12}; {2; 5; 3; 6}; {4; 9; 1; 10}},0,2,4,2
L9n12{1},{{16; 2; 17; 1}; {12; 4; 13; 3}; {11; 7; 12; 6}; {15; 9; 16; 8}; {7; 15; 8; 14}; {9; 5; 10; 18}; {5; 11; 6; 10}; {2; 18; 3; 17}; {4; 14; 1; 13}},3,2,4,2
L9n13{0},{{8; 1; 9; 2}; {11; 17; 12; 16}; {3; 10; 4; 11}; {15; 3; 16; 2}; {5; 13; 6; 12}; {6; 7; 1; 8}; {9; 14; 10; 15}; {13; 18; 14; 7}; {17; 4; 18; 5}},0,3,1,1
L9n13{1},{{16; 2; 17; 1}; {13; 9; 14; 8}; {3; 15; 4; 14}; {9; 2; 10; 3}; {5; 12; 6; 13}; {6; 18; 1; 17}; {15; 10; 16; 11}; {11; 18; 12; 7}; {7; 5; 8; 4}},0,3,1,1
L9n14{0},{{8; 1; 9; 2}; {11; 17; 12; 16}; {3; 10; 4; 11}; {15; 3; 16; 2}; {5; 13; 6; 12}; {6; 7; 1; 8}; {14; 10; 15; 9}; {18; 14; 7; 13}; {17; 4; 18; 5}},0,3,2,2
L9n14{1},{{16; 2; 17; 1}; {13; 9; 14; 8}; {3; 15; 4; 14}; {9; 2; 10; 3}; {5; 12; 6; 13}; {6; 18; 1; 17}; {10; 16; 11; 15}; {18; 12; 7; 11}; {7; 5; 8; 4}},0,3,2,2
L9n15{0},{{8; 1; 9; 2}; {16; 11; 17; 12}; {3; 10; 4; 11}; {2; 15; 3; 16}; {12; 5; 13; 6}; {6; 7; 1; 8}; {9; 14; 10; 15}; {13; 18; 14; 7}; {17; 4; 18; 5}},3,3,4,3
L9n15{1},{{16; 2; 17; 1}; {8; 13; 9; 14}; {3; 15; 4; 14}; {2; 10; 3; 9}; {12; 6; 13; 5}; {6; 18; 1; 17}; {15; 10; 16; 11}; {11; 18; 12; 7}; {7; 5; 8; 4}},0,3,4,3
L9n16{0},{{8; 1; 9; 2}; {11; 17; 12; 16}; {3; 10; 4; 11}; {2; 15; 3; 16}; {12; 5; 13; 6}; {6; 7; 1; 8}; {14; 10; 15; 9}; {18; 14; 7; 13}; {17; 4; 18; 5}},0,3,4,3
L9n16{1},{{16; 2; 17; 1}; {13; 9; 14; 8}; {3; 15; 4; 14}; {2; 10; 3; 9}; {12; 6; 13; 5}; {6; 18; 1; 17}; {10; 16; 11; 15}; {18; 12; 7; 11}; {7; 5; 8; 4}},2,3,4,3
L9n17{0},{{8; 1; 9; 2}; {2; 9; 3; 10}; {10; 3; 11; 4}; {7; 14; 8; 15}; {13; 18; 14; 7}; {17; 1; 18; 6}; {16; 11; 17; 12}; {5; 12; 6; 13}; {4; 16; 5; 15}},1,3,2,2
L9n17{1},{{16; 2; 17; 1}; {2; 16; 3; 15}; {14; 4; 15; 3}; {17; 10; 18; 11}; {11; 18; 12; 7}; {7; 6; 8; 1}; {8; 13; 9; 14}; {5; 13; 6; 12}; {4; 9; 5; 10}},0,3,2,2
L9n18{0},{{10; 1; 11; 2}; {2; 11; 3; 12}; {12; 3; 13; 4}; {18; 5; 9; 6}; {7; 14; 8; 15}; {13; 16; 14; 17}; {15; 8; 16; 1}; {6; 9; 7; 10}; {4; 17; 5; 18}},3,4,4,4
L9n18{1},{{16; 2; 17; 1}; {2; 16; 3; 15}; {14; 4; 15; 3}; {18; 6; 9; 5}; {7; 13; 8; 12}; {13; 10; 14; 11}; {11; 1; 12; 8}; {6; 18; 7; 17}; {4; 10; 5; 9}},1,4,4,4
L9n19{0},{{10; 1; 11; 2}; {3; 12; 4; 13}; {18; 5; 9; 6}; {6; 9; 7; 10}; {16; 12; 17; 11}; {7; 14; 8; 15}; {13; 4; 14; 5}; {15; 8; 16; 1}; {2; 17; 3; 18}},2,4,4,4
L9n19{1},{{16; 2; 17; 1}; {3; 15; 4; 14}; {18; 6; 9; 5}; {6; 18; 7; 17}; {10; 16; 11; 15}; {7; 13; 8; 12}; {13; 5; 14; 4}; {11; 1; 12; 8}; {2; 10; 3; 9}},2,4,4,4
L9n20{0;0},{{6; 1; 7; 2}; {3; 11; 4; 10}; {7; 15; 8; 14}; {13; 5; 14; 8}; {11; 17; 12; 16}; {15; 9; 16; 18}; {17; 13; 18; 12}; {2; 5; 3; 6}; {9; 1; 10; 4}},0,3,4,3
L9n20{1;0},{{6; 2; 7; 1}; {3; 11; 4; 10}; {5; 14; 6; 15}; {13; 8; 14; 5}; {11; 17; 12; 16}; {15; 9; 16; 18}; {17; 13; 18; 12}; {2; 8; 3; 7}; {9; 1; 10; 4}},0,3,4,3
L9n20{0;1},{{6; 1; 7; 2}; {3; 16; 4; 17}; {7; 12; 8; 13}; {13; 8; 14; 5}; {15; 11; 16; 10}; {11; 9; 12; 18}; {9; 15; 10; 14}; {2; 5; 3; 6}; {17; 4; 18; 1}},1,3,4,3
L9n20{1;1},{{6; 2; 7; 1}; {3; 16; 4; 17}; {5; 13; 6; 12}; {13; 5; 14; 8}; {15; 11; 16; 10}; {11; 9; 12; 18}; {9; 15; 10; 14}; {2; 8; 3; 7}; {17; 4; 18; 1}},0,3,4,3
L9n21{0;0},{{6; 1; 7; 2}; {3; 11; 4; 10}; {7; 15; 8; 14}; {13; 5; 14; 8}; {16; 11; 17; 12}; {18; 15; 9; 16}; {12; 17; 13; 18}; {2; 5; 3; 6}; {9; 1; 10; 4}},0,3,4,3
L9n21{1;0},{{6; 2; 7; 1}; {3; 11; 4; 10}; {5; 14; 6; 15}; {13; 8; 14; 5}; {16; 11; 17; 12}; {18; 15; 9; 16}; {12; 17; 13; 18}; {2; 8; 3; 7}; {9; 1; 10; 4}},0,3,4,3
L9n21{0;1},{{6; 1; 7; 2}; {3; 16; 4; 17}; {7; 12; 8; 13}; {13; 8; 14; 5}; {10; 15; 11; 16}; {18; 11; 9; 12}; {14; 9; 15; 10}; {2; 5; 3; 6}; {17; 4; 18; 1}},2,3,4,3
L9n21{1;1},{{6; 2; 7; 1}; {3; 16; 4; 17}; {5; 13; 6; 12}; {13; 5; 14; 8}; {10; 15; 11; 16}; {18; 11; 9; 12}; {14; 9; 15; 10}; {2; 8; 3; 7}; {17; 4; 18; 1}},0,3,4,3
L9n22{0;0},{{6; 1; 7; 2}; {10; 3; 11; 4}; {14; 7; 15; 8}; {8; 13; 5; 14}; {11; 17; 12; 16}; {15; 9; 16; 18}; {17; 13; 18; 12}; {2; 5; 3; 6}; {4; 9; 1; 10}},0,3,4,3
L9n22{1;0},{{6; 2; 7; 1}; {10; 3; 11; 4}; {14; 6; 15; 5}; {8; 14; 5; 13}; {11; 17; 12; 16}; {15; 9; 16; 18}; {17; 13; 18; 12}; {2; 8; 3; 7}; {4; 9; 1; 10}},1,3,4,3
L9n22{0;1},{{6; 1; 7; 2}; {16; 4; 17; 3}; {12; 8; 13; 7}; {8; 14; 5; 13}; {15; 11; 16; 10}; {11; 9; 12; 18}; {9; 15; 10; 14}; {2; 5; 3; 6}; {4; 18; 1; 17}},1,3,4,3
L9n22{1;1},{{6; 2; 7; 1}; {16; 4; 17; 3}; {12; 5; 13; 6}; {8; 13; 5; 14}; {15; 11; 16; 10}; {11; 9; 12; 18}; {9; 15; 10; 14}; {2; 8; 3; 7}; {4; 18; 1; 17}},1,3,4,3
L9n23{0;0},{{6; 1; 7; 2}; {5; 12; 6; 13}; {3; 8; 4; 9}; {13; 2; 14; 3}; {14; 7; 15; 8}; {11; 16; 12; 17}; {9; 11; 10; 18}; {17; 5; 18; 10}; {4; 15; 1; 16}},1,4,3,3
L9n23{1;0},{{8; 2; 9; 1}; {9; 13; 10; 12}; {3; 7; 4; 6}; {13; 2; 14; 3}; {14; 8; 15; 7}; {11; 16; 12; 17}; {5; 18; 6; 11}; {17; 10; 18; 5}; {4; 15; 1; 16}},0,4,3,3
L9n23{0;1},{{6; 1; 7; 2}; {5; 17; 6; 16}; {3; 8; 4; 9}; {15; 3; 16; 2}; {14; 8; 15; 7}; {17; 12; 18; 13}; {9; 18; 10; 11}; {11; 10; 12; 5}; {4; 14; 1; 13}},0,4,3,3
L9n23{1;1},{{8; 2; 9; 1}; {9; 16; 10; 17}; {3; 7; 4; 6}; {15; 3; 16; 2}; {14; 7; 15; 8}; {17; 12; 18; 13}; {5; 11; 6; 18}; {11; 5; 12; 10}; {4; 14; 1; 13}},0,4,3,3
L9n24{0;0},{{6; 1; 7; 2}; {5; 12; 6; 13}; {3; 8; 4; 9}; {2; 14; 3; 13}; {14; 7; 15; 8}; {11; 16; 12; 17}; {9; 11; 10; 18}; {17; 5; 18; 10}; {15; 1; 16; 4}},0,4,3,3
L9n24{1;0},{{8; 2; 9; 1}; {9; 13; 10; 12}; {3; 7; 4; 6}; {2; 14; 3; 13}; {14; 8; 15; 7}; {11; 16; 12; 17}; {5; 18; 6; 11}; {17; 10; 18; 5}; {15; 1; 16; 4}},0,4,3,3
L9n24{0;1},{{6; 1; 7; 2}; {5; 17; 6; 16}; {3; 8; 4; 9}; {2; 15; 3; 16}; {14; 8; 15; 7}; {17; 12; 18; 13}; {9; 18; 10; 11}; {11; 10; 12; 5}; {13; 4; 14; 1}},0,4,3,3
L9n24{1;1},{{8; 2; 9; 1}; {9; 16; 10; 17}; {3; 7; 4; 6}; {2; 15; 3; 16}; {14; 7; 15; 8}; {17; 12; 18; 13}; {5; 11; 6; 18}; {11; 5; 12; 10}; {13; 4; 14; 1}},0,4,3,3
L9n25{0;0},{{6; 1; 7; 2}; {5; 12; 6; 13}; {8; 4; 9; 3}; {2; 14; 3; 13}; {14; 7; 15; 8}; {11; 16; 12; 17}; {9; 11; 10; 18}; {17; 5; 18; 10}; {4; 15; 1; 16}},0,2,2,2
L9n25{1;0},{{8; 2; 9; 1}; {9; 13; 10; 12}; {6; 3; 7; 4}; {2; 14; 3; 13}; {14; 8; 15; 7}; {11; 16; 12; 17}; {5; 18; 6; 11}; {17; 10; 18; 5}; {4; 15; 1; 16}},0,2,2,2
L9n25{0;1},{{6; 1; 7; 2}; {5; 17; 6; 16}; {8; 4; 9; 3}; {2; 15; 3; 16}; {14; 8; 15; 7}; {17; 12; 18; 13}; {9; 18; 10; 11}; {11; 10; 12; 5}; {4; 14; 1; 13}},0,2,2,2
L9n25{1;1},{{8; 2; 9; 1}; {9; 16; 10; 17}; {6; 3; 7; 4}; {2; 15; 3; 16}; {14; 7; 15; 8}; {17; 12; 18; 13}; {5; 11; 6; 18}; {11; 5; 12; 10}; {4; 14; 1; 13}},0,2,2,2
L9n26{0;0},{{6; 1; 7; 2}; {10; 3; 11; 4}; {11; 17; 12; 16}; {7; 14; 8; 15}; {13; 8; 14; 9}; {15; 13; 16; 18}; {17; 5; 18; 12}; {2; 5; 3; 6}; {4; 9; 1; 10}},0,4,3,3
L9n26{1;0},{{10; 2; 11; 1}; {6; 4; 7; 3}; {5; 16; 6; 17}; {9; 15; 10; 14}; {13; 9; 14; 8}; {15; 13; 16; 18}; {17; 12; 18; 5}; {2; 12; 3; 11}; {4; 8; 1; 7}},1,4,3,3
L9n26{0;1},{{6; 1; 7; 2}; {10; 3; 11; 4}; {11; 14; 12; 15}; {7; 17; 8; 16}; {17; 9; 18; 8}; {15; 13; 16; 18}; {13; 12; 14; 5}; {2; 5; 3; 6}; {4; 9; 1; 10}},0,4,3,3
L9n26{1;1},{{10; 2; 11; 1}; {6; 4; 7; 3}; {5; 15; 6; 14}; {9; 16; 10; 17}; {17; 8; 18; 9}; {15; 13; 16; 18}; {13; 5; 14; 12}; {2; 12; 3; 11}; {4; 8; 1; 7}},1,4,3,3
L9n27{0;0},{{6; 1; 7; 2}; {12; 7; 13; 8}; {4; 13; 1; 14}; {9; 18; 10; 15}; {8; 4; 9; 3}; {5; 17; 6; 16}; {17; 5; 18; 14}; {15; 10; 16; 11}; {2; 12; 3; 11}},0,4,1,1
L9n27{1;0},{{12; 2; 13; 1}; {6; 11; 7; 12}; {4; 6; 1; 5}; {9; 15; 10; 18}; {10; 3; 11; 4}; {13; 16; 14; 17}; {17; 14; 18; 5}; {15; 9; 16; 8}; {2; 7; 3; 8}},0,4,1,1
L9n27{0;1},{{6; 1; 7; 2}; {12; 7; 13; 8}; {4; 13; 1; 14}; {9; 15; 10; 18}; {8; 4; 9; 3}; {5; 16; 6; 17}; {15; 14; 16; 5}; {17; 11; 18; 10}; {2; 12; 3; 11}},0,4,1,1
L9n27{1;1},{{12; 2; 13; 1}; {6; 11; 7; 12}; {4; 6; 1; 5}; {9; 18; 10; 15}; {10; 3; 11; 4}; {13; 17; 14; 16}; {15; 5; 16; 14}; {17; 8; 18; 9}; {2; 7; 3; 8}},0,4,1,1
L9n28{0;0},{{6; 1; 7; 2}; {12; 7; 13; 8}; {4; 13; 1; 14}; {18; 10; 15; 9}; {8; 4; 9; 3}; {5; 17; 6; 16}; {17; 5; 18; 14}; {10; 16; 11; 15}; {2; 12; 3; 11}},1,4,3,3
L9n28{1;0},{{12; 2; 13; 1}; {6; 11; 7; 12}; {4; 6; 1; 5}; {18; 9; 15; 10}; {10; 3; 11; 4}; {13; 16; 14; 17}; {17; 14; 18; 5}; {8; 15; 9; 16}; {2; 7; 3; 8}},0,4,3,3
L9n28{0;1},{{6; 1; 7; 2}; {12; 7; 13; 8}; {4; 13; 1; 14}; {18; 9; 15; 10}; {8; 4; 9; 3}; {5; 16; 6; 17}; {15; 14; 16; 5}; {10; 17; 11; 18}; {2; 12; 3; 11}},0,4,3,3
L9n28{1;1},{{12; 2; 13; 1}; {6; 11; 7; 12}; {4; 6; 1; 5}; {18; 10; 15; 9}; {10; 3; 11; 4}; {13; 17; 14; 16}; {15; 5; 16; 14}; {8; 18; 9; 17}; {2; 7; 3; 8}},1,4,3,3
